epoch,n_box,n_dfl,s_box,s_dfl,m_box,m_dfl,l_box,l_dfl,x_box,x_dfl
1,1.7843,1.5608,1.9146,1.6432,1.7664,1.647,1.7325,1.7006,1.7461,1.7233
2,1.522,1.3805,1.5882,1.4701,1.5371,1.4913,1.4567,1.488,1.4848,1.519
3,1.4677,1.3323,1.4223,1.3411,1.3408,1.3422,1.2766,1.3444,1.2803,1.3595
4,1.3982,1.2902,1.343,1.2758,1.2112,1.2498,1.1352,1.2452,1.1269,1.2572
5,1.3289,1.2424,1.2307,1.2117,1.1386,1.1952,1.0672,1.1824,1.0568,1.1896
6,1.28,1.2071,1.1959,1.1787,1.1443,1.1843,1.0761,1.1815,1.0642,1.184
7,1.2683,1.2023,1.1785,1.166,1.0746,1.1457,1.0111,1.1577,1.0021,1.1501
8,1.2085,1.1683,1.1239,1.138,1.0386,1.1273,0.99555,1.1472,0.97639,1.1375
9,1.2202,1.1698,1.1266,1.1318,1.0329,1.1236,0.98916,1.14,0.97689,1.1345
10,1.2037,1.1579,1.0961,1.1165,1.0305,1.1223,0.97526,1.1254,0.95546,1.1182
11,1.1872,1.1449,1.0973,1.1095,1.005,1.11,0.94841,1.1044,0.93178,1.1061
12,1.1838,1.1436,1.0799,1.1022,0.97922,1.0945,0.92575,1.0898,0.91326,1.1006
13,1.1585,1.1342,1.0531,1.0883,0.9728,1.0814,0.92508,1.076,0.89935,1.0984
14,1.1599,1.1226,1.0511,1.0778,0.95886,1.0871,0.91906,1.0777,0.88762,1.0939
15,1.1487,1.1148,1.035,1.0748,0.95846,1.0773,0.90699,1.065,0.88424,1.0768
16,1.1312,1.1195,1.0309,1.0763,0.95525,1.0751,0.90901,1.0713,0.88236,1.067
17,1.1104,1.1043,0.99841,1.0672,0.93986,1.0742,0.88589,1.0794,0.85581,1.0579
18,1.1229,1.1031,1.0164,1.0704,0.93482,1.0571,0.8801,1.0593,0.84701,1.0462
19,1.1053,1.0974,0.99154,1.0602,0.91447,1.0443,0.8566,1.0429,0.83984,1.0486
20,1.123,1.1149,1.0025,1.0715,0.89667,1.033,0.83849,1.0295,0.81906,1.037
21,1.0999,1.1048,0.98167,1.0608,0.90062,1.042,0.84504,1.0372,0.81256,1.0408
22,1.1129,1.1016,0.99576,1.0649,0.90895,1.0453,0.84704,1.0423,0.82388,1.0463
23,1.0958,1.1036,0.97463,1.0617,0.87609,1.0321,0.82026,1.0344,0.78659,1.0284
24,1.1057,1.095,0.9807,1.0511,0.86446,1.0305,0.80837,1.0283,0.77681,1.0287
25,1.0755,1.0822,0.95843,1.0378,0.8722,1.0312,0.81605,1.0297,0.77785,1.0271
26,1.0714,1.0825,0.96166,1.0428,0.85627,1.0235,0.79427,1.0192,0.76024,1.0213
27,1.0908,1.0817,0.96051,1.0332,0.83461,1.0188,0.77705,1.0201,0.75605,1.0249
28,1.0709,1.0747,0.94182,1.0285,0.84223,1.0173,0.7894,1.0177,0.76364,1.021
29,1.0561,1.0763,0.93044,1.0306,0.8406,1.0121,0.77692,1.0146,0.74889,1.0085
30,1.0521,1.0773,0.92462,1.0301,0.85096,1.0127,0.7864,1.0168,0.75081,1.0078
31,1.0647,1.0739,0.9306,1.0267,0.84199,1.0053,0.76714,0.9922,0.74257,0.9883
32,1.0518,1.0691,0.91753,1.021,0.82674,1.0096,0.75924,0.99961,0.72878,0.99101
33,1.0432,1.0619,0.90884,1.0172,0.80698,0.9963,0.73377,0.98509,0.70774,0.97637
34,1.0418,1.0644,0.90957,1.0172,0.80996,0.99454,0.75064,0.99037,0.71133,0.97657
35,1.03,1.0641,0.88874,1.0137,0.80078,0.9914,0.72996,0.98027,0.70567,0.97628
36,1.0267,1.0565,0.88436,1.0086,0.80234,0.99269,0.74383,0.98786,0.70768,0.97833
37,1.0194,1.0518,0.87862,1.0031,0.80473,0.99113,0.73215,0.98004,0.69457,0.969
38,1.0242,1.0529,0.88639,1.004,0.79642,0.98985,0.72542,0.98223,0.6983,0.97316
39,1.0311,1.0605,0.89105,1.0085,0.78237,0.98749,0.70996,0.98245,0.68184,0.97526
40,1.0257,1.0615,0.88465,1.0056,0.79365,0.98524,0.71611,0.97269,0.68735,0.96956
41,1.0071,1.0525,0.85629,0.9984,0.78332,0.98603,0.71446,0.97384,0.6752,0.96227
42,1.0217,1.0459,0.87945,0.99496,0.75874,0.97378,0.68392,0.95584,0.65661,0.95113
43,1.0135,1.0405,0.87408,0.98959,0.74852,0.97122,0.6771,0.9596,0.64802,0.95148
44,0.98312,1.0372,0.85239,0.99064,0.7479,0.97456,0.68619,0.97142,0.64702,0.95312
45,1.007,1.0498,0.85979,0.99734,0.75396,0.97154,0.67833,0.96414,0.64795,0.9493
46,1.0077,1.0455,0.8646,0.99306,0.73307,0.96408,0.66729,0.9559,0.6364,0.94657
47,0.99483,1.029,0.85829,0.98298,0.74049,0.969,0.67019,0.95067,0.64102,0.94399
48,0.98081,1.0352,0.84511,0.98759,0.73754,0.97074,0.67231,0.95498,0.63889,0.94861
49,0.99368,1.0441,0.84393,0.99377,0.72639,0.96274,0.66175,0.94836,0.62726,0.94001
50,0.99724,1.0469,0.83644,0.98478,0.72727,0.9579,0.6562,0.94551,0.62304,0.93155
51,0.98561,1.0267,0.84087,0.97779,0.73291,0.95736,0.66505,0.94872,0.63358,0.93295
52,0.96881,1.0352,0.81308,0.97449,0.72095,0.95615,0.64643,0.94778,0.61348,0.93358
53,0.98751,1.0353,0.82713,0.97945,0.71618,0.94847,0.63904,0.93232,0.61472,0.93133
54,0.99688,1.0356,0.84304,0.97999,0.71514,0.94505,0.64456,0.94141,0.59949,0.92145
55,0.97093,1.0315,0.82347,0.98195,0.71833,0.95765,0.6396,0.94734,0.61108,0.93444
56,0.96529,1.0245,0.80724,0.97318,0.70296,0.95109,0.63341,0.93902,0.60295,0.92533
57,0.9677,1.025,0.81995,0.97319,0.69998,0.94849,0.62082,0.93532,0.59152,0.92496
58,0.97529,1.0313,0.82303,0.9739,0.69464,0.9477,0.62063,0.93264,0.59243,0.92612
59,0.973,1.0268,0.82625,0.97659,0.70652,0.94639,0.62275,0.92786,0.59531,0.92444
60,0.98578,1.0312,0.81574,0.96853,0.69934,0.95272,0.62583,0.93594,0.59022,0.92737
61,0.95028,1.0195,0.80188,0.96803,0.6889,0.93685,0.61238,0.92238,0.58129,0.91709
62,0.94783,1.0187,0.78709,0.961,0.68319,0.95015,0.61082,0.93163,0.58273,0.92558
63,0.94277,1.0154,0.78368,0.96093,0.68941,0.94113,0.61378,0.92694,0.58481,0.91515
64,0.94697,1.0138,0.7962,0.96259,0.67097,0.93091,0.60282,0.92354,0.57538,0.90715
65,0.96218,1.0219,0.81525,0.96945,0.66889,0.93067,0.60175,0.92242,0.57735,0.91136
66,0.94866,1.0192,0.78619,0.96407,0.65577,0.92997,0.59914,0.92552,0.56271,0.9127
67,0.94355,1.0209,0.79066,0.96761,0.67218,0.93407,0.60111,0.91789,0.57054,0.90926
68,0.94258,1.0241,0.77138,0.95841,0.66298,0.9315,0.5982,0.91999,0.56629,0.91188
69,0.93982,1.0217,0.78355,0.96556,0.65992,0.93353,0.59024,0.91772,0.54933,0.90718
70,0.92598,1.0081,0.77095,0.95132,0.67474,0.93494,0.59854,0.92232,0.56132,0.91134
71,0.91559,1.0071,0.75761,0.94712,0.65215,0.92785,0.58661,0.91519,0.54823,0.90281
72,0.92921,1.0126,0.76229,0.95509,0.66362,0.93257,0.59151,0.91817,0.56009,0.90431
73,0.91227,1.0064,0.75224,0.95,0.64976,0.93196,0.57478,0.91688,0.5438,0.90617
74,0.9275,1.0065,0.76679,0.95176,0.63929,0.91964,0.57149,0.91184,0.53745,0.90146
75,0.93249,1.0162,0.76065,0.95355,0.64249,0.92876,0.56856,0.91086,0.53761,0.90168
76,0.92189,1.0073,0.75555,0.94929,0.64597,0.92927,0.57911,0.91349,0.54293,0.90292
77,0.90678,0.99884,0.7441,0.94321,0.64399,0.92727,0.56771,0.90915,0.54471,0.90053
78,0.92794,1.0056,0.76914,0.95131,0.6375,0.9269,0.57386,0.91433,0.54116,0.89815
79,0.922,1.0009,0.76117,0.94599,0.63496,0.91957,0.56024,0.90385,0.53588,0.89433
80,0.91935,1.0036,0.7599,0.94548,0.62281,0.91545,0.55179,0.90223,0.51872,0.89038
81,0.92189,1.0057,0.74589,0.94423,0.62432,0.91738,0.55428,0.90933,0.52775,0.89354
82,0.92165,1.0046,0.75513,0.94975,0.62828,0.91351,0.55941,0.90416,0.52749,0.88731
83,0.89873,1.0045,0.72964,0.94131,0.62892,0.91514,0.55787,0.90807,0.53155,0.89666
84,0.89256,0.98522,0.72499,0.92874,0.63094,0.92413,0.56101,0.91334,0.52984,0.90018
85,0.89616,0.9978,0.74583,0.94071,0.62085,0.9131,0.54998,0.90809,0.52458,0.89576
86,0.89939,0.99145,0.72814,0.93406,0.60598,0.90903,0.53964,0.90937,0.5116,0.89354
87,0.90574,1.005,0.7496,0.95126,0.60395,0.90627,0.54033,0.91217,0.51146,0.89183
88,0.90278,0.99322,0.73214,0.93282,0.60983,0.91021,0.53998,0.90528,0.50405,0.88785
89,0.91294,1.0054,0.73419,0.94083,0.59846,0.90427,0.52281,0.89658,0.4959,0.88059
90,0.88984,0.99746,0.72513,0.94123,0.60371,0.91036,0.53682,0.90588,0.50745,0.89461
91,0.88925,0.99808,0.72715,0.93867,0.59427,0.90207,0.53255,0.8953,0.50416,0.88795
92,0.89259,0.98695,0.72645,0.92893,0.60889,0.91511,0.53802,0.907,0.50766,0.89573
93,0.87696,0.98501,0.70397,0.92422,0.59343,0.90845,0.53331,0.90215,0.49615,0.88684
94,0.88673,0.9877,0.72389,0.9379,0.59084,0.90332,0.51489,0.88827,0.49048,0.87977
95,0.88245,0.99093,0.7151,0.93373,0.59547,0.90062,0.52857,0.89164,0.49536,0.88336
96,0.8929,0.99459,0.72051,0.93675,0.58956,0.89351,0.52725,0.88654,0.4922,0.88048
97,0.87137,0.98693,0.70579,0.92921,0.59563,0.9062,0.53299,0.90034,0.50226,0.89546
98,0.87694,0.98379,0.71102,0.92832,0.58786,0.89543,0.5196,0.89038,0.4903,0.88349
99,0.89469,0.99174,0.71531,0.92829,0.58885,0.89896,0.5262,0.89645,0.48942,0.88813
100,0.88239,0.98165,0.70354,0.92455,0.57848,0.89536,0.51178,0.8976,0.47965,0.88565
101,0.8837,0.9828,0.71313,0.92526,0.58166,0.89441,0.51546,0.89657,0.4791,0.88164
102,0.87488,0.98152,0.70575,0.92825,0.56188,0.88901,0.5031,0.89151,0.46681,0.87655
103,0.88628,0.99158,0.71187,0.93356,0.57194,0.89214,0.51671,0.89392,0.47439,0.87629
104,0.87621,0.98699,0.69797,0.92718,0.56072,0.89234,0.49224,0.88714,0.47511,0.87583
105,0.8675,0.97793,0.69222,0.92078,0.57151,0.89286,0.50881,0.88913,0.47926,0.8766
106,0.87192,0.984,0.69607,0.92449,0.58344,0.89887,0.51954,0.89334,0.48596,0.87819
107,0.8531,0.97257,0.68928,0.92017,0.55531,0.89292,0.49477,0.88657,0.46885,0.87623
108,0.87613,0.98873,0.6891,0.92394,0.55261,0.89117,0.49743,0.88191,0.46237,0.87174
109,0.86446,0.97721,0.69484,0.92493,0.57354,0.89786,0.51196,0.89269,0.47426,0.87825
110,0.88114,0.98821,0.69458,0.92656,0.56629,0.89884,0.50664,0.89267,0.47122,0.87742
111,0.8527,0.98275,0.68168,0.92632,0.55883,0.89143,0.4975,0.88096,0.46825,0.87235
112,0.8475,0.9645,0.67072,0.90983,0.55769,0.88543,0.50515,0.88317,0.47327,0.87183
113,0.85643,0.97602,0.69361,0.92395,0.55758,0.89227,0.49567,0.89021,0.46092,0.8745
114,0.86943,0.97865,0.68749,0.92206,0.5422,0.88592,0.48628,0.87675,0.45098,0.86992
115,0.85823,0.97636,0.68407,0.91792,0.55203,0.88848,0.48509,0.87762,0.45519,0.86869
116,0.85369,0.9773,0.67599,0.92048,0.55535,0.89114,0.48607,0.88183,0.46181,0.87389
117,0.84012,0.97203,0.65791,0.91246,0.54483,0.88536,0.48934,0.88188,0.45993,0.87123
118,0.83603,0.96172,0.66263,0.90548,0.55301,0.88854,0.48266,0.88279,0.45605,0.87232
119,0.85253,0.97508,0.67679,0.91535,0.54696,0.88556,0.48183,0.87471,0.45614,0.87487
120,0.84396,0.97558,0.66754,0.91864,0.54901,0.8864,0.48166,0.88049,0.45505,0.87702
121,0.84612,0.97348,0.67341,0.91517,0.54697,0.88761,0.4848,0.88096,0.44854,0.87413
122,0.82922,0.97226,0.6474,0.91227,0.53212,0.88024,0.4744,0.87527,0.44493,0.86873
123,0.84397,0.97012,0.66429,0.91297,0.54425,0.89257,0.48818,0.88465,0.46171,0.87971
124,0.84203,0.96586,0.66688,0.91165,0.55297,0.89223,0.48984,0.88692,0.45826,0.87325
125,0.83219,0.96545,0.65429,0.90861,0.55423,0.89935,0.48367,0.88643,0.46159,0.87852
126,0.82832,0.96437,0.65115,0.90687,0.52829,0.88089,0.47168,0.8752,0.44048,0.8663
127,0.84029,0.97345,0.6496,0.90595,0.53259,0.88731,0.46657,0.87524,0.43966,0.86836
128,0.8231,0.96559,0.64828,0.90784,0.53901,0.88029,0.47357,0.8714,0.44598,0.86811
129,0.84664,0.97578,0.66104,0.91625,0.53203,0.87806,0.4716,0.87247,0.44496,0.86902
130,0.82798,0.96227,0.64781,0.90237,0.52408,0.87352,0.46066,0.8653,0.42865,0.86142
131,0.83179,0.96195,0.64586,0.90457,0.52569,0.87535,0.469,0.86586,0.43586,0.86359
132,0.83124,0.96646,0.65136,0.90885,0.52632,0.88066,0.46319,0.87166,0.44064,0.86463
133,0.81859,0.96346,0.63301,0.90208,0.52926,0.88004,0.47114,0.87591,0.43654,0.86326
134,0.80748,0.95976,0.62418,0.89796,0.5322,0.88355,0.46807,0.87238,0.4421,0.86784
135,0.81104,0.95837,0.62768,0.9009,0.52705,0.88318,0.45765,0.87405,0.43114,0.86322
136,0.83674,0.9774,0.65895,0.91578,0.51822,0.87876,0.45634,0.87025,0.43254,0.85954
137,0.82435,0.96162,0.64129,0.90211,0.52508,0.87875,0.45625,0.87132,0.43575,0.86492
138,0.82082,0.95376,0.63504,0.8941,0.51325,0.87412,0.44827,0.8666,0.42699,0.8574
139,0.82056,0.96551,0.64357,0.9111,0.51755,0.87459,0.45708,0.86839,0.42762,0.85858
140,0.81806,0.96006,0.64187,0.90452,0.51386,0.87923,0.45989,0.87553,0.4282,0.86403
141,0.81644,0.95949,0.62596,0.89894,0.52447,0.88237,0.45891,0.8747,0.4346,0.86377
142,0.81721,0.96397,0.63807,0.90401,0.51908,0.87335,0.45439,0.86526,0.42867,0.85557
143,0.81291,0.95797,0.63514,0.89833,0.51486,0.87782,0.44992,0.86935,0.42505,0.86379
144,0.81892,0.95444,0.63462,0.89802,0.50344,0.87684,0.44548,0.86687,0.42123,0.85949
145,0.81173,0.95829,0.63717,0.90377,0.51066,0.8768,0.44674,0.86798,0.42298,0.86347
146,0.82041,0.96526,0.63517,0.90534,0.50699,0.8739,0.43957,0.8658,0.41328,0.85847
147,0.81139,0.95423,0.64409,0.90139,0.5137,0.87772,0.45338,0.86592,0.42026,0.85848
148,0.78784,0.94625,0.60573,0.89113,0.51391,0.87606,0.44996,0.86792,0.42568,0.8626
149,0.81778,0.96131,0.63162,0.89938,0.4993,0.87173,0.44746,0.86681,0.41703,0.85933
150,0.79761,0.95378,0.61919,0.89611,0.51454,0.87911,0.45007,0.86752,0.42036,0.85893
151,0.81297,0.96027,0.62706,0.90058,0.49887,0.87131,0.44106,0.86043,0.41906,0.85956
152,0.79858,0.96444,0.62395,0.90527,0.49642,0.87075,0.43376,0.86129,0.40677,0.85504
153,0.80548,0.95637,0.62934,0.89891,0.49723,0.87146,0.43563,0.86155,0.40416,0.85083
154,0.81393,0.96623,0.62048,0.90142,0.4978,0.87092,0.44172,0.86566,0.41155,0.8583
155,0.79381,0.9554,0.6162,0.89845,0.50281,0.87993,0.44491,0.87206,0.41383,0.86291
156,0.79006,0.95033,0.60908,0.89139,0.48615,0.86713,0.4335,0.86404,0.4051,0.85664
157,0.79916,0.95576,0.61741,0.89716,0.50009,0.87583,0.43679,0.86779,0.41012,0.86154
158,0.79014,0.95379,0.60926,0.89276,0.48971,0.86976,0.43623,0.86384,0.40737,0.85838
159,0.7927,0.94998,0.61653,0.89256,0.4837,0.86694,0.43108,0.86348,0.40431,0.85662
160,0.79633,0.95079,0.61228,0.89285,0.49261,0.87131,0.43385,0.86782,0.40973,0.85802
161,0.78965,0.95416,0.60563,0.89632,0.49143,0.87073,0.42857,0.8658,0.39816,0.85419
162,0.79309,0.95402,0.61577,0.89553,0.48875,0.87143,0.43182,0.86973,0.40063,0.85794
163,0.79981,0.94868,0.62256,0.8914,0.48626,0.86978,0.42622,0.86753,0.39742,0.85529
164,0.77907,0.94601,0.59798,0.8927,0.49697,0.87163,0.43839,0.86594,0.41049,0.85496
165,0.79686,0.95282,0.60862,0.89361,0.4887,0.86799,0.42578,0.86328,0.4022,0.8566
166,0.80869,0.9588,0.62337,0.89926,0.47821,0.86196,0.41823,0.86151,0.3961,0.85375
167,0.79017,0.94498,0.6076,0.8904,0.48336,0.86856,0.42936,0.86666,0.40224,0.85867
168,0.79366,0.94894,0.60852,0.89156,0.48972,0.86978,0.42823,0.86562,0.40281,0.85674
169,0.78902,0.94771,0.59724,0.88897,0.48376,0.86652,0.42693,0.86766,0.39619,0.8558
170,0.78816,0.94778,0.59974,0.89171,0.48226,0.86364,0.41936,0.85894,0.39814,0.85422
171,0.77281,0.94365,0.59602,0.88739,0.47812,0.85924,0.42142,0.85561,0.39763,0.85229
172,0.77166,0.94662,0.58273,0.88745,0.48354,0.86747,0.42444,0.86365,0.39292,0.85806
173,0.78039,0.94013,0.5876,0.88255,0.4809,0.86826,0.42156,0.86814,0.39474,0.86289
174,0.76927,0.9404,0.59596,0.8867,0.48645,0.86546,0.41347,0.85701,0.40106,0.85645
175,0.77278,0.94148,0.59195,0.88684,0.47745,0.86088,0.42066,0.85824,0.39484,0.85101
176,0.77415,0.94693,0.59274,0.89064,0.47713,0.86652,0.41756,0.86239,0.39305,0.85754
177,0.78374,0.94263,0.59945,0.88743,0.47322,0.86019,0.41855,0.8568,0.3828,0.84679
178,0.77544,0.94524,0.59449,0.88954,0.47785,0.86332,0.41832,0.85906,0.39209,0.85139
179,0.77731,0.94752,0.59216,0.88725,0.48504,0.87182,0.41876,0.86279,0.39962,0.85681
180,0.77843,0.94475,0.59166,0.88708,0.4737,0.8696,0.41209,0.86262,0.39353,0.85799
181,0.76993,0.94839,0.5773,0.89136,0.47672,0.86307,0.41113,0.85803,0.39189,0.85189
182,0.77448,0.94284,0.59003,0.88828,0.46271,0.86376,0.40178,0.85679,0.38864,0.85477
183,0.77682,0.9391,0.58806,0.88272,0.47107,0.86561,0.41187,0.85816,0.39424,0.85371
184,0.77905,0.9484,0.5858,0.88841,0.45827,0.86276,0.39961,0.85515,0.37797,0.85326
185,0.76448,0.93798,0.5879,0.88442,0.46431,0.8587,0.41308,0.85512,0.37883,0.84422
186,0.77989,0.94841,0.59509,0.88888,0.46444,0.86207,0.41194,0.85722,0.38928,0.85012
187,0.77068,0.94142,0.5794,0.88408,0.46367,0.86118,0.40386,0.84985,0.37601,0.84561
188,0.79856,0.94845,0.59556,0.88538,0.46519,0.86259,0.40665,0.85381,0.38283,0.85102
189,0.78103,0.94269,0.58782,0.88401,0.46,0.86251,0.40644,0.85571,0.38465,0.85232
190,0.76697,0.9418,0.57558,0.88294,0.47267,0.86393,0.41051,0.8578,0.38786,0.85376
191,0.77705,0.9406,0.58377,0.8825,0.46863,0.85909,0.40716,0.8523,0.38725,0.85166
192,0.76661,0.93969,0.57727,0.88406,0.46433,0.8625,0.40181,0.85624,0.37849,0.85054
193,0.74959,0.93457,0.56497,0.88137,0.45964,0.86121,0.40605,0.85889,0.37696,0.84915
194,0.75242,0.93625,0.56415,0.88003,0.45132,0.85738,0.39539,0.85175,0.37081,0.84462
195,0.76811,0.94813,0.57639,0.88665,0.46871,0.86098,0.40309,0.85205,0.38785,0.84575
196,0.76946,0.94283,0.58548,0.88341,0.45743,0.86036,0.40154,0.85658,0.37869,0.85252
197,0.74781,0.93276,0.56542,0.87724,0.46824,0.86372,0.41357,0.85783,0.38696,0.8499
198,0.76855,0.94038,0.58022,0.88019,0.45972,0.85971,0.40307,0.853,0.37948,0.84915
199,0.76177,0.93935,0.5742,0.88034,0.45419,0.85483,0.3937,0.84728,0.37208,0.8432
200,0.74684,0.93565,0.561,0.88139,0.44928,0.85327,0.39319,0.84676,0.37066,0.84564
201,0.75864,0.9386,0.57334,0.88062,0.45382,0.85767,0.39785,0.84911,0.37175,0.84436
202,0.75453,0.93211,0.56783,0.87333,0.45745,0.85844,0.40076,0.85501,0.37611,0.84727
203,0.73974,0.92968,0.55395,0.87345,0.44717,0.85413,0.39173,0.8456,0.37037,0.8412
204,0.75862,0.93663,0.57029,0.87893,0.43912,0.85498,0.385,0.84541,0.36629,0.84686
205,0.75127,0.93359,0.57388,0.87764,0.45074,0.85518,0.3973,0.84955,0.37314,0.84873
206,0.74771,0.93168,0.55897,0.87467,0.44024,0.85695,0.39995,0.85292,0.3694,0.84947
207,0.76369,0.94062,0.56712,0.88051,0.44903,0.86158,0.38532,0.85004,0.36541,0.84551
208,0.7472,0.93381,0.56246,0.87551,0.44675,0.85589,0.39006,0.84854,0.3674,0.84264
209,0.76462,0.94121,0.56999,0.87941,0.44518,0.85565,0.38619,0.84583,0.3563,0.84033
210,0.73401,0.93233,0.5527,0.87696,0.44909,0.85577,0.39474,0.85158,0.3704,0.8449
211,0.72671,0.9227,0.54849,0.8694,0.44468,0.8619,0.38663,0.85448,0.36293,0.84934
212,0.73915,0.93804,0.57427,0.88713,0.44983,0.85825,0.40164,0.85124,0.36994,0.84288
213,0.75249,0.93221,0.56784,0.87773,0.43656,0.8533,0.38133,0.84475,0.35825,0.83831
214,0.74756,0.93733,0.56159,0.88047,0.45194,0.86194,0.39316,0.85656,0.36811,0.84718
215,0.73023,0.92825,0.54987,0.87284,0.43965,0.85282,0.38037,0.84563,0.35608,0.83695
216,0.74439,0.93298,0.56146,0.87978,0.44647,0.86122,0.38702,0.85199,0.36593,0.8461
217,0.73707,0.93305,0.55451,0.87518,0.43926,0.85496,0.38121,0.84282,0.35631,0.83667
218,0.76075,0.93811,0.55684,0.87669,0.44016,0.85469,0.38114,0.84714,0.35985,0.83972
219,0.73919,0.93256,0.55626,0.87828,0.43285,0.85287,0.37885,0.84593,0.35667,0.8392
220,0.73199,0.93085,0.55383,0.87778,0.44352,0.85878,0.38782,0.8507,0.36175,0.84201
221,0.74616,0.9321,0.55677,0.87599,0.43885,0.85389,0.39043,0.84839,0.36454,0.83942
222,0.73285,0.92978,0.55004,0.87538,0.42992,0.85057,0.37914,0.84256,0.35674,0.83872
223,0.74281,0.93009,0.5515,0.87293,0.42975,0.85464,0.37999,0.84862,0.35771,0.84138
224,0.74305,0.93643,0.55348,0.8778,0.43439,0.85593,0.37526,0.84793,0.35452,0.84089
225,0.72935,0.927,0.54809,0.87379,0.43061,0.85236,0.37913,0.84699,0.35904,0.84257
226,0.74806,0.93359,0.55286,0.87285,0.42854,0.85303,0.37468,0.84367,0.34324,0.83457
227,0.74562,0.94122,0.55131,0.88002,0.43682,0.8578,0.386,0.85184,0.35826,0.84274
228,0.72736,0.92576,0.53865,0.86993,0.44874,0.85821,0.38268,0.84859,0.36647,0.84334
229,0.73899,0.93436,0.54213,0.87399,0.42763,0.84599,0.3762,0.8397,0.35653,0.83439
230,0.72716,0.92967,0.53029,0.87063,0.44036,0.85105,0.38324,0.84363,0.36121,0.8382
231,0.74248,0.93943,0.54316,0.87793,0.42881,0.85105,0.36869,0.84311,0.34854,0.83454
232,0.72941,0.92773,0.54073,0.87101,0.4221,0.85108,0.36986,0.84174,0.34512,0.83699
233,0.72315,0.92538,0.53818,0.86651,0.42763,0.85052,0.37624,0.84248,0.35182,0.83876
234,0.7324,0.9309,0.54225,0.86986,0.42464,0.84537,0.36778,0.83522,0.34248,0.83031
235,0.72533,0.92944,0.54281,0.87284,0.43815,0.8523,0.37233,0.84299,0.35447,0.83775
236,0.74196,0.93399,0.54467,0.87419,0.42024,0.8464,0.36566,0.84099,0.34476,0.83357
237,0.73121,0.92691,0.53934,0.87105,0.42922,0.85261,0.37531,0.8476,0.35104,0.83965
238,0.72952,0.92767,0.54238,0.87176,0.42372,0.854,0.36595,0.84491,0.34169,0.83755
239,0.73234,0.92901,0.55297,0.87241,0.41839,0.84627,0.36452,0.83806,0.34322,0.83218
240,0.71827,0.92541,0.53533,0.87015,0.42837,0.85398,0.37401,0.84692,0.34855,0.83902
241,0.72973,0.92391,0.53757,0.86675,0.43865,0.85952,0.38142,0.8533,0.35832,0.84549
242,0.73366,0.93042,0.54763,0.87615,0.4213,0.8468,0.36559,0.84012,0.34768,0.83574
243,0.72351,0.92636,0.54211,0.87444,0.41802,0.83891,0.3711,0.8383,0.34308,0.83186
244,0.72637,0.92286,0.53657,0.86865,0.43348,0.85091,0.37576,0.84299,0.34953,0.83711
245,0.71258,0.92494,0.5306,0.86731,0.42333,0.8485,0.36475,0.84193,0.34242,0.83492
246,0.72766,0.92553,0.5378,0.86685,0.41742,0.8471,0.36457,0.83863,0.34389,0.83231
247,0.71977,0.92156,0.52592,0.86564,0.41895,0.84807,0.36396,0.84158,0.34706,0.83354
248,0.72419,0.92281,0.54245,0.87177,0.41355,0.84481,0.36162,0.83778,0.33691,0.83027
249,0.69902,0.91575,0.52088,0.8655,0.42218,0.84962,0.36406,0.84094,0.33596,0.83454
250,0.71714,0.93147,0.53051,0.87581,0.41369,0.84694,0.36625,0.84072,0.34283,0.83437
251,0.70726,0.9206,0.52267,0.86682,0.42342,0.84832,0.36039,0.83933,0.3442,0.83463
252,0.72779,0.92559,0.54088,0.86974,0.41592,0.84458,0.36706,0.83912,0.33967,0.83003
253,0.7313,0.93126,0.54024,0.87597,0.41602,0.85014,0.36613,0.8424,0.34443,0.83728
254,0.72563,0.92771,0.53227,0.87097,0.41953,0.84866,0.36735,0.84195,0.34472,0.8364
255,0.71084,0.92879,0.51989,0.86764,0.41184,0.84626,0.3514,0.83376,0.33518,0.83031
256,0.71425,0.92116,0.52651,0.86685,0.41592,0.84732,0.36061,0.83749,0.33856,0.83126
257,0.70355,0.92044,0.51785,0.86679,0.41489,0.84676,0.35975,0.83869,0.33983,0.83457
258,0.69883,0.91885,0.52071,0.86675,0.40545,0.8469,0.35845,0.83972,0.33665,0.83538
259,0.71175,0.92393,0.51946,0.86561,0.41545,0.84759,0.36247,0.84172,0.33468,0.83374
260,0.72016,0.9248,0.52098,0.86556,0.41924,0.85256,0.36133,0.83894,0.33943,0.83689
261,0.71867,0.92216,0.53031,0.86777,0.41693,0.85124,0.36706,0.84166,0.33863,0.83693
262,0.71297,0.92371,0.52719,0.86742,0.41068,0.84251,0.36446,0.83615,0.33501,0.83119
263,0.71327,0.91818,0.52096,0.86202,0.41302,0.85081,0.35635,0.83614,0.33408,0.83392
264,0.71246,0.9205,0.52338,0.86405,0.41799,0.84928,0.35886,0.83699,0.3383,0.83485
265,0.70091,0.91511,0.51414,0.86106,0.41703,0.85692,0.35635,0.84249,0.33729,0.84189
266,0.7098,0.9166,0.51425,0.86259,0.41118,0.85321,0.35753,0.84386,0.33872,0.84255
267,0.69866,0.91924,0.51209,0.86547,0.40566,0.8472,0.35652,0.83694,0.33899,0.8355
268,0.70301,0.91929,0.51192,0.86411,0.41552,0.84942,0.36127,0.84231,0.33317,0.83398
269,0.70614,0.92111,0.51891,0.86583,0.41268,0.85433,0.3544,0.8444,0.33275,0.84085
270,0.71052,0.92397,0.52188,0.87036,0.40672,0.84556,0.34716,0.83797,0.32972,0.8329
271,0.70614,0.92329,0.52079,0.86944,0.40754,0.8458,0.35585,0.84111,0.32937,0.82954
272,0.70606,0.92506,0.51213,0.86647,0.4034,0.84513,0.35186,0.84009,0.32688,0.83121
273,0.70535,0.92031,0.51193,0.8629,0.41011,0.84796,0.35099,0.8416,0.33358,0.83521
274,0.69436,0.91443,0.51293,0.86333,0.40407,0.84581,0.348,0.84077,0.32612,0.83353
275,0.70597,0.92248,0.51875,0.86793,0.39911,0.84435,0.34202,0.83534,0.32076,0.83091
276,0.70098,0.91834,0.51114,0.86134,0.41266,0.84787,0.3515,0.83733,0.33162,0.83548
277,0.6929,0.91071,0.51047,0.86157,0.40544,0.84024,0.34459,0.83151,0.32435,0.82854
278,0.70283,0.91579,0.52811,0.86832,0.41792,0.84864,0.36291,0.84414,0.33328,0.84091
279,0.70265,0.91624,0.51386,0.86311,0.40318,0.84499,0.34988,0.83822,0.32969,0.8358
280,0.70094,0.91572,0.51561,0.86377,0.40382,0.84553,0.35232,0.84312,0.32756,0.83881
281,0.69259,0.92168,0.50897,0.86705,0.39472,0.84401,0.34502,0.83642,0.31678,0.83062
282,0.69991,0.9185,0.51748,0.86695,0.39966,0.84239,0.35358,0.8361,0.33022,0.8333
283,0.68701,0.91491,0.50649,0.86438,0.40212,0.83749,0.35159,0.83637,0.33484,0.83566
284,0.68986,0.91663,0.50872,0.86151,0.40883,0.84574,0.35336,0.83596,0.32524,0.82995
285,0.68841,0.91363,0.51346,0.86569,0.4003,0.84127,0.35028,0.83826,0.32604,0.83376
286,0.6899,0.91455,0.50266,0.86074,0.39755,0.83878,0.34236,0.83638,0.31817,0.8313
287,0.69866,0.91326,0.50596,0.85981,0.39562,0.84288,0.34138,0.84028,0.32407,0.83544
288,0.69619,0.9093,0.50464,0.85722,0.38685,0.84023,0.33922,0.83472,0.31151,0.82888
289,0.68454,0.9165,0.50464,0.86444,0.39016,0.84696,0.33782,0.83815,0.31547,0.83595
290,0.70681,0.92416,0.5238,0.86983,0.38984,0.83537,0.33496,0.8273,0.32067,0.82746
291,0.69212,0.914,0.50511,0.86186,0.39512,0.83961,0.34649,0.83436,0.32057,0.8301
292,0.68681,0.91316,0.50312,0.86174,0.38914,0.84468,0.33769,0.8379,0.31527,0.83394
293,0.68532,0.91417,0.50296,0.86054,0.40274,0.84117,0.34224,0.8314,0.31866,0.82843
294,0.69592,0.91406,0.5003,0.85805,0.38921,0.83685,0.33984,0.82988,0.31839,0.8325
295,0.67461,0.90918,0.48888,0.8578,0.39705,0.84346,0.34328,0.8358,0.31687,0.83238
296,0.70258,0.92036,0.50851,0.86279,0.38964,0.84089,0.34129,0.83358,0.31331,0.83178
297,0.68309,0.91102,0.49438,0.85639,0.39347,0.8373,0.33892,0.82725,0.31632,0.82853
298,0.70544,0.92064,0.507,0.86051,0.39144,0.84527,0.33975,0.83499,0.32027,0.83575
299,0.68392,0.91745,0.49353,0.86208,0.39193,0.84098,0.33381,0.83001,0.31427,0.83111
300,0.69521,0.91671,0.50067,0.86081,0.38852,0.83874,0.33636,0.8305,0.31568,0.83271
301,0.68676,0.91482,0.49558,0.86073,0.38375,0.83176,0.33501,0.82343,0.31268,0.82753
302,0.6797,0.91394,0.49481,0.86003,0.38849,0.83758,0.33597,0.83268,0.31033,0.83052
303,0.6741,0.9139,0.49662,0.86404,0.39958,0.84383,0.34502,0.8347,0.31909,0.83528
304,0.69944,0.92317,0.5145,0.87293,0.40291,0.84507,0.35067,0.83859,0.32378,0.83503
305,0.68489,0.91675,0.50104,0.86222,0.39438,0.84014,0.34001,0.83227,0.31316,0.82803
306,0.68337,0.91648,0.49465,0.86361,0.37795,0.83338,0.32558,0.8266,0.30109,0.82287
307,0.67656,0.90958,0.49464,0.85916,0.39264,0.8441,0.34053,0.83569,0.31957,0.83684
308,0.70019,0.91157,0.50957,0.85924,0.3848,0.83991,0.33687,0.8353,0.31615,0.83265
309,0.67343,0.91378,0.49552,0.86127,0.38828,0.83956,0.33644,0.83319,0.30853,0.82918
310,0.67668,0.90878,0.49022,0.85796,0.38654,0.84273,0.3352,0.83463,0.30509,0.82936
311,0.65581,0.90218,0.47968,0.85255,0.38013,0.83643,0.32696,0.83042,0.30334,0.82666
312,0.67936,0.91087,0.49514,0.85762,0.38251,0.84097,0.32954,0.83394,0.30589,0.83124
313,0.68019,0.91149,0.48854,0.8577,0.3917,0.84629,0.34213,0.83935,0.31238,0.83413
314,0.68672,0.91103,0.49679,0.85902,0.38533,0.83921,0.33063,0.8294,0.30127,0.82526
315,0.67348,0.91096,0.49494,0.86148,0.37753,0.84001,0.33562,0.83498,0.30643,0.8271
316,0.66739,0.9062,0.49134,0.85891,0.38511,0.83507,0.33128,0.82636,0.31026,0.8267
317,0.69241,0.91354,0.49605,0.86017,0.38013,0.83009,0.33062,0.82286,0.30954,0.8232
318,0.67633,0.9121,0.48245,0.85771,0.38209,0.83973,0.33123,0.83126,0.30777,0.83151
319,0.67851,0.90702,0.49155,0.85415,0.37989,0.83978,0.32883,0.83068,0.30712,0.82839
320,0.68808,0.91488,0.50593,0.86426,0.3825,0.83883,0.32774,0.83252,0.30864,0.83291
321,0.67382,0.91356,0.48758,0.85938,0.38369,0.83391,0.32848,0.82616,0.30328,0.82403
322,0.67565,0.91513,0.49571,0.86309,0.37576,0.83516,0.32589,0.82802,0.30105,0.82419
323,0.66645,0.90582,0.48943,0.85734,0.38303,0.83697,0.32827,0.82807,0.30478,0.82735
324,0.6711,0.90973,0.48982,0.85742,0.38288,0.84289,0.32301,0.83237,0.30571,0.83307
325,0.68289,0.9184,0.49746,0.86441,0.37769,0.84098,0.33361,0.83473,0.30578,0.8307
326,0.66841,0.90514,0.48843,0.85268,0.38203,0.84154,0.32885,0.83313,0.30705,0.83102
327,0.67319,0.91224,0.48385,0.85632,0.37463,0.8389,0.32462,0.8285,0.29967,0.82333
328,0.67801,0.91086,0.49166,0.8581,0.36885,0.83212,0.31765,0.82516,0.29539,0.82073
329,0.66916,0.91188,0.48111,0.85909,0.3865,0.84333,0.33399,0.83321,0.30981,0.83089
330,0.65688,0.90254,0.46926,0.85041,0.36935,0.83628,0.31753,0.83099,0.29492,0.82612
331,0.67214,0.91172,0.49485,0.86246,0.37573,0.83386,0.32242,0.82659,0.29819,0.82408
332,0.68268,0.91137,0.49234,0.85756,0.37916,0.83728,0.32515,0.82918,0.30149,0.82384
333,0.66115,0.90479,0.47708,0.85335,0.382,0.83682,0.33078,0.83087,0.30043,0.82498
334,0.65883,0.90716,0.47722,0.85404,0.37556,0.8377,0.32322,0.83131,0.30052,0.82682
335,0.67732,0.91416,0.48994,0.85742,0.37498,0.84007,0.32512,0.8322,0.29898,0.82657
336,0.66349,0.90859,0.48178,0.85878,0.37451,0.83308,0.32149,0.82659,0.29524,0.82085
337,0.6637,0.90761,0.4858,0.85761,0.37299,0.83462,0.31888,0.82792,0.29597,0.82541
338,0.66354,0.90967,0.48194,0.85986,0.37124,0.83409,0.31909,0.82676,0.29813,0.8248
339,0.66755,0.9072,0.48967,0.85863,0.36895,0.83487,0.31252,0.82668,0.29448,0.82415
340,0.66176,0.90564,0.47292,0.8532,0.37808,0.83782,0.32364,0.83115,0.29973,0.82875
341,0.66506,0.90907,0.48072,0.85753,0.3742,0.83804,0.31289,0.82972,0.29168,0.8265
342,0.65649,0.90026,0.47401,0.85282,0.36443,0.83249,0.31328,0.82431,0.29215,0.82227
343,0.65671,0.90236,0.47046,0.85306,0.3713,0.83807,0.31455,0.83167,0.2959,0.82835
344,0.65295,0.90429,0.46813,0.85163,0.37074,0.84044,0.32005,0.83575,0.29524,0.82948
345,0.6699,0.90635,0.48525,0.85551,0.37738,0.83814,0.32415,0.82837,0.30067,0.82462
346,0.6644,0.90591,0.47724,0.85541,0.37239,0.83747,0.31758,0.83088,0.29425,0.82842
347,0.64516,0.90278,0.47353,0.85691,0.38184,0.84482,0.32897,0.84051,0.3017,0.83364
348,0.67158,0.90924,0.48647,0.85645,0.37072,0.83548,0.31405,0.82568,0.29198,0.82384
349,0.66039,0.90073,0.47879,0.85161,0.37121,0.83597,0.31652,0.82481,0.29638,0.82366
350,0.65545,0.90812,0.46919,0.85716,0.36501,0.83597,0.31663,0.82892,0.29411,0.82636
351,0.66854,0.91271,0.47508,0.85888,0.37522,0.83967,0.3158,0.8312,0.29438,0.82759
352,0.66002,0.90364,0.48185,0.85657,0.3687,0.83614,0.31254,0.82798,0.2927,0.82454
353,0.65992,0.90655,0.47722,0.85862,0.36519,0.83448,0.31488,0.82654,0.28966,0.82382
354,0.67406,0.90685,0.48568,0.85309,0.35808,0.82896,0.31051,0.82449,0.28537,0.82013
355,0.65446,0.90523,0.47377,0.85594,0.37423,0.84036,0.31746,0.82992,0.29427,0.82437
356,0.65138,0.90281,0.46799,0.85359,0.36574,0.83147,0.32149,0.82567,0.29495,0.81804
357,0.65651,0.90324,0.47207,0.85095,0.35959,0.82972,0.30631,0.82429,0.28728,0.82001
358,0.65699,0.90357,0.46895,0.84881,0.35955,0.83235,0.30955,0.82811,0.28854,0.82282
359,0.65587,0.90697,0.47688,0.85598,0.36857,0.83722,0.31202,0.82724,0.29107,0.82288
360,0.65072,0.90068,0.47075,0.85115,0.36986,0.84048,0.31247,0.83179,0.28934,0.82503
361,0.65761,0.9053,0.46334,0.85088,0.36397,0.83235,0.31309,0.82823,0.28862,0.82226
362,0.65939,0.90381,0.47081,0.85416,0.36036,0.83547,0.31127,0.82846,0.28601,0.82072
363,0.65341,0.9013,0.47238,0.85207,0.36503,0.83417,0.31486,0.82751,0.29004,0.82113
364,0.65808,0.90419,0.46711,0.85114,0.36838,0.83544,0.31164,0.82438,0.28969,0.82026
365,0.66035,0.9039,0.47808,0.85569,0.3613,0.83353,0.3063,0.82455,0.28612,0.82582
366,0.65908,0.90436,0.46893,0.85211,0.36742,0.8373,0.31681,0.83298,0.29533,0.82799
367,0.65063,0.90486,0.46773,0.85127,0.36476,0.83931,0.31076,0.83081,0.29281,0.82714
368,0.64879,0.9014,0.46604,0.85068,0.36094,0.83507,0.3082,0.82912,0.28971,0.82646
369,0.6459,0.90493,0.46322,0.85488,0.35643,0.83309,0.3031,0.82733,0.28312,0.82471
370,0.66647,0.90643,0.47421,0.85349,0.36636,0.83531,0.31549,0.82935,0.29072,0.82404
371,0.66919,0.91453,0.47925,0.85858,0.36243,0.82902,0.31079,0.82095,0.28973,0.81704
372,0.64892,0.89664,0.46783,0.84971,0.35302,0.83085,0.30015,0.82252,0.27615,0.81998
373,0.65348,0.90204,0.47163,0.85429,0.35747,0.82655,0.30477,0.8184,0.28772,0.81925
374,0.64667,0.90292,0.46117,0.85024,0.36009,0.83603,0.30755,0.82814,0.28418,0.82263
375,0.65212,0.90104,0.46141,0.84956,0.35438,0.83339,0.30255,0.82665,0.28307,0.82175
376,0.65753,0.9077,0.46725,0.85475,0.36536,0.83841,0.30713,0.82858,0.28716,0.82263
377,0.6532,0.90539,0.46679,0.85376,0.36283,0.83416,0.30618,0.82748,0.28377,0.82137
378,0.64229,0.89634,0.45856,0.84693,0.36431,0.83397,0.30666,0.82418,0.28603,0.82037
379,0.65808,0.89915,0.47642,0.85117,0.35985,0.83854,0.30047,0.82521,0.27658,0.81955
380,0.65618,0.9093,0.47117,0.85687,0.35848,0.83095,0.30529,0.8242,0.28062,0.81812
381,0.66002,0.90184,0.4739,0.85247,0.36342,0.83295,0.31001,0.82652,0.28755,0.82086
382,0.64369,0.90025,0.46278,0.84933,0.35714,0.83359,0.30553,0.82627,0.27992,0.82129
383,0.64624,0.90759,0.4565,0.85425,0.34908,0.82922,0.29818,0.82449,0.27711,0.81887
384,0.64002,0.89364,0.45364,0.84401,0.3518,0.83228,0.30309,0.8265,0.27909,0.82015
385,0.65007,0.90911,0.46256,0.85848,0.3577,0.83157,0.29698,0.82378,0.27977,0.81994
386,0.65004,0.89976,0.46663,0.84979,0.34309,0.83018,0.29413,0.82189,0.26934,0.81425
387,0.63846,0.90254,0.45538,0.85276,0.35257,0.83292,0.30015,0.82259,0.2751,0.81747
388,0.64714,0.90334,0.46318,0.85293,0.35819,0.82691,0.30498,0.82163,0.28576,0.81584
389,0.63935,0.90026,0.45955,0.85013,0.35176,0.826,0.29832,0.82084,0.27764,0.81639
390,0.65161,0.90198,0.46388,0.85017,0.36116,0.84037,0.30658,0.83182,0.28078,0.82554
391,0.64259,0.89856,0.45728,0.84911,0.36214,0.83726,0.30497,0.82682,0.28829,0.82413
392,0.64153,0.89637,0.45854,0.84497,0.34486,0.83352,0.28977,0.82309,0.27114,0.82035
393,0.65475,0.90285,0.46441,0.84686,0.35913,0.83267,0.30047,0.82344,0.28068,0.81923
394,0.64571,0.9042,0.46307,0.85317,0.34815,0.82552,0.29797,0.8219,0.27144,0.81484
395,0.64692,0.90009,0.45887,0.84778,0.34593,0.8326,0.29509,0.82803,0.27595,0.82016
396,0.63555,0.89687,0.45801,0.84853,0.34687,0.83121,0.29464,0.82352,0.27294,0.81869
397,0.64235,0.90212,0.45854,0.85172,0.34108,0.82697,0.29474,0.82404,0.27123,0.81647
398,0.63726,0.89576,0.45672,0.84712,0.35083,0.8364,0.30066,0.82698,0.2775,0.82066
399,0.63912,0.89907,0.45724,0.84962,0.34552,0.82462,0.29278,0.82078,0.27193,0.81467
400,0.64115,0.89706,0.46425,0.8473,0.34283,0.8268,0.2938,0.82136,0.27072,0.81724
401,0.62969,0.89547,0.45163,0.84947,0.34198,0.8297,0.28806,0.82445,0.26948,0.82191
402,0.63869,0.89864,0.45917,0.85112,0.34167,0.82754,0.29179,0.82365,0.26699,0.81881
403,0.64387,0.899,0.4491,0.84644,0.34409,0.82682,0.28507,0.81874,0.26482,0.81751
404,0.62987,0.89149,0.45503,0.84589,0.35451,0.83083,0.29528,0.8237,0.27355,0.81956
405,0.64116,0.90001,0.45363,0.85147,0.35302,0.83283,0.29156,0.82335,0.27858,0.82206
406,0.63963,0.89886,0.45334,0.84853,0.35081,0.83009,0.2909,0.82302,0.27021,0.81841
407,0.64751,0.89833,0.45735,0.85051,0.34266,0.8293,0.28938,0.82157,0.27145,0.819
408,0.64344,0.89667,0.45221,0.84807,0.34972,0.83035,0.29914,0.8246,0.2775,0.82058
409,0.64247,0.89526,0.45525,0.84623,0.34769,0.83191,0.29512,0.82382,0.27835,0.82044
410,0.64201,0.89236,0.45385,0.84341,0.34276,0.82767,0.28755,0.82153,0.27056,0.81813
411,0.64152,0.90015,0.45769,0.84816,0.35732,0.83352,0.29997,0.82463,0.2747,0.81991
412,0.63739,0.89767,0.45025,0.84792,0.33958,0.82853,0.28986,0.82259,0.27133,0.81825
413,0.65488,0.90437,0.46463,0.85106,0.35708,0.83902,0.30415,0.83102,0.27841,0.82536
414,0.63147,0.89146,0.44298,0.83986,0.33426,0.82891,0.28336,0.8216,0.26311,0.81926
415,0.64402,0.89968,0.45929,0.85085,0.35096,0.82874,0.29527,0.81871,0.27233,0.81554
416,0.62275,0.89424,0.43548,0.84418,0.3433,0.82836,0.28851,0.81995,0.2677,0.81738
417,0.62895,0.89524,0.44624,0.84598,0.3485,0.82895,0.29212,0.82129,0.27283,0.81862
418,0.62913,0.89395,0.44669,0.84374,0.34904,0.83234,0.29021,0.82456,0.27003,0.8209
419,0.63162,0.89026,0.44776,0.84195,0.34759,0.83328,0.29092,0.8271,0.26861,0.82264
420,0.6416,0.89562,0.4565,0.84753,0.35137,0.82911,0.29175,0.82121,0.27348,0.81822
421,0.63996,0.89822,0.45489,0.84678,0.34692,0.8292,0.28845,0.82306,0.27095,0.82054
422,0.63367,0.9026,0.45206,0.85132,0.3383,0.83099,0.28427,0.8203,0.26691,0.8174
423,0.63031,0.89522,0.44676,0.84708,0.34878,0.82906,0.28894,0.81897,0.26833,0.81474
424,0.62323,0.89259,0.44186,0.84636,0.34145,0.83056,0.2881,0.82014,0.26481,0.81555
425,0.63303,0.89542,0.4484,0.84652,0.34223,0.83311,0.28622,0.8228,0.26303,0.81792
426,0.64045,0.90153,0.45023,0.85244,0.34283,0.82565,0.28836,0.82218,0.26459,0.81512
427,0.64111,0.89627,0.457,0.8475,0.33995,0.83268,0.28504,0.82422,0.26885,0.82002
428,0.64576,0.89913,0.45286,0.8453,0.33669,0.82692,0.28396,0.81859,0.26173,0.8157
429,0.62973,0.90095,0.44386,0.85029,0.33608,0.82653,0.28925,0.82032,0.26764,0.81806
430,0.63254,0.8971,0.44408,0.84853,0.33905,0.82776,0.28149,0.81776,0.26138,0.8145
431,0.62749,0.89404,0.44505,0.846,0.34173,0.82747,0.28706,0.82227,0.26126,0.81496
432,0.63272,0.89492,0.44777,0.84652,0.33735,0.82889,0.28064,0.82083,0.26391,0.81766
433,0.63576,0.89951,0.45231,0.84957,0.33872,0.82881,0.28445,0.8202,0.26418,0.81578
434,0.63025,0.89682,0.44827,0.84707,0.33939,0.82994,0.28674,0.82336,0.2623,0.82029
435,0.63013,0.89082,0.43965,0.84137,0.33151,0.82403,0.27463,0.81549,0.25676,0.81289
436,0.61781,0.8934,0.43854,0.84409,0.3309,0.82683,0.27898,0.82105,0.25827,0.81708
437,0.64205,0.90086,0.44866,0.84838,0.33835,0.83072,0.28499,0.82396,0.26337,0.82115
438,0.63666,0.90142,0.45259,0.85018,0.33871,0.82824,0.28523,0.82183,0.26393,0.81962
439,0.63111,0.89832,0.4438,0.84882,0.33993,0.82589,0.28047,0.81822,0.26026,0.81298
440,0.63154,0.90193,0.45234,0.85339,0.33896,0.83066,0.28232,0.82333,0.26391,0.81915
441,0.62687,0.89284,0.44324,0.84406,0.33524,0.82754,0.2805,0.82131,0.25752,0.81672
442,0.61771,0.89559,0.44428,0.84911,0.33734,0.82822,0.28471,0.82141,0.26203,0.81625
443,0.62837,0.89627,0.44541,0.84766,0.33407,0.82702,0.2778,0.81819,0.2574,0.81451
444,0.62507,0.89938,0.44324,0.85061,0.33342,0.82422,0.27968,0.81732,0.26123,0.81386
445,0.62303,0.88807,0.44351,0.84208,0.33025,0.82461,0.27464,0.81946,0.25948,0.81464
446,0.62898,0.89609,0.44504,0.84733,0.33366,0.82338,0.28005,0.81691,0.25813,0.81041
447,0.62116,0.89201,0.43508,0.84409,0.33849,0.82656,0.27655,0.82103,0.25759,0.81739
448,0.62456,0.89111,0.43907,0.84386,0.34496,0.83574,0.28462,0.82752,0.26766,0.82481
449,0.62809,0.89242,0.44269,0.84245,0.332,0.82882,0.28001,0.82251,0.25911,0.81763
450,0.62501,0.89964,0.45254,0.85399,0.33777,0.82541,0.2796,0.81943,0.25837,0.81475
451,0.61883,0.89241,0.44127,0.84749,0.33619,0.83194,0.28162,0.82436,0.26084,0.82016
452,0.62278,0.89229,0.43962,0.84249,0.3296,0.82648,0.27601,0.81888,0.25649,0.81605
453,0.61742,0.88805,0.43488,0.84096,0.33246,0.82462,0.27909,0.81681,0.256,0.81133
454,0.6336,0.89707,0.44265,0.84534,0.33194,0.8265,0.28027,0.82064,0.2583,0.81677
455,0.62837,0.89596,0.44371,0.84659,0.32904,0.8256,0.27633,0.81851,0.25705,0.81472
456,0.62138,0.89234,0.4405,0.84667,0.33658,0.82762,0.28034,0.81982,0.26142,0.81679
457,0.63461,0.89642,0.44264,0.84501,0.3339,0.82341,0.27718,0.81807,0.26112,0.81524
458,0.62698,0.89312,0.43963,0.8426,0.32453,0.8283,0.27311,0.82021,0.24975,0.81398
459,0.62558,0.89073,0.44352,0.84436,0.32306,0.82388,0.26971,0.8167,0.25511,0.81466
460,0.63192,0.89345,0.44559,0.84468,0.33538,0.83081,0.28111,0.8207,0.25633,0.8153
461,0.61378,0.89182,0.44017,0.84563,0.33417,0.82753,0.27729,0.8178,0.25913,0.81573
462,0.6232,0.89596,0.44788,0.85057,0.33396,0.82712,0.27556,0.82186,0.2554,0.81643
463,0.60732,0.88711,0.43064,0.84158,0.33262,0.83102,0.27355,0.82131,0.25667,0.81855
464,0.62139,0.89344,0.434,0.84269,0.33803,0.83294,0.28187,0.8245,0.25945,0.82091
465,0.62638,0.89724,0.44274,0.84898,0.32827,0.82449,0.27164,0.81606,0.25158,0.81218
466,0.61896,0.88801,0.43506,0.83966,0.3325,0.82112,0.2754,0.81521,0.25581,0.81258
467,0.62697,0.89968,0.43973,0.84884,0.3294,0.83248,0.27626,0.82317,0.2561,0.81826
468,0.6058,0.88805,0.43188,0.84376,0.33868,0.83058,0.28069,0.82124,0.25873,0.81546
469,0.63015,0.89731,0.43972,0.84707,0.32554,0.8285,0.26675,0.81878,0.25015,0.81611
470,0.61622,0.88692,0.43358,0.84013,0.32809,0.82343,0.26962,0.81705,0.25191,0.81294
471,0.61492,0.89286,0.43139,0.84467,0.32896,0.82999,0.27161,0.82288,0.25049,0.81896
472,0.61982,0.89308,0.42656,0.84168,0.33126,0.82738,0.27633,0.81976,0.25445,0.8146
473,0.63059,0.89695,0.44969,0.85209,0.31927,0.82679,0.26766,0.8173,0.24858,0.81354
474,0.62205,0.89352,0.44208,0.84695,0.3285,0.82394,0.27436,0.81526,0.2557,0.8099
475,0.61389,0.89292,0.4298,0.84533,0.33256,0.82414,0.27136,0.81501,0.2552,0.81038
476,0.61798,0.89131,0.43776,0.84393,0.33023,0.82621,0.26989,0.81637,0.25294,0.81393
477,0.60971,0.8904,0.43073,0.84514,0.33047,0.82569,0.27626,0.81811,0.25536,0.81295
478,0.60568,0.8881,0.42132,0.84148,0.33535,0.82833,0.27735,0.82521,0.25648,0.81859
479,0.61757,0.89253,0.43435,0.84412,0.32133,0.82236,0.26367,0.8131,0.2438,0.80776
480,0.62163,0.89604,0.43662,0.84556,0.31794,0.82212,0.26514,0.81445,0.24397,0.81066
481,0.63586,0.89923,0.44879,0.85031,0.33174,0.83088,0.27611,0.82483,0.25437,0.82061
482,0.60676,0.88775,0.42512,0.83968,0.32101,0.82608,0.26539,0.8171,0.24726,0.81197
483,0.61504,0.89639,0.43834,0.8487,0.32735,0.82374,0.26835,0.81513,0.24889,0.80973
484,0.61893,0.89061,0.43302,0.83997,0.32636,0.82648,0.27424,0.81882,0.25407,0.8148
485,0.61765,0.88997,0.43795,0.84082,0.32183,0.82287,0.26331,0.81352,0.24612,0.81091
486,0.61739,0.8908,0.43094,0.84177,0.32177,0.8239,0.26734,0.81918,0.24885,0.81439
487,0.62244,0.89175,0.43503,0.84389,0.32777,0.83094,0.26915,0.82058,0.24964,0.81529
488,0.61925,0.88937,0.43383,0.84277,0.32827,0.8284,0.26952,0.81938,0.25275,0.81477
489,0.6017,0.89433,0.43158,0.84766,0.32498,0.82752,0.26772,0.81824,0.24823,0.8136
490,0.61813,0.89197,0.43323,0.84353,0.32603,0.82714,0.26722,0.8167,0.24978,0.81233
491,0.6063,0.88209,0.43841,0.83606,0.32014,0.8176,0.26171,0.81043,0.2434,0.8069
492,0.59834,0.88553,0.43614,0.84507,0.31284,0.81219,0.25195,0.80328,0.23199,0.80069
493,0.58096,0.87676,0.4249,0.83627,0.31064,0.81221,0.24829,0.80454,0.23145,0.79886
494,0.57448,0.87714,0.41691,0.83399,0.31245,0.81399,0.2437,0.80358,0.2319,0.8008
495,0.58553,0.87653,0.42216,0.8323,0.3021,0.81452,0.23608,0.8035,0.22156,0.80121
496,0.57809,0.87828,0.42236,0.83438,0.3157,0.819,0.24243,0.80292,0.22788,0.80169
497,0.55855,0.87015,0.40388,0.82692,0.2999,0.81956,0.23721,0.80695,0.22339,0.80585
498,0.57046,0.87454,0.4023,0.83169,0.28376,0.80956,0.2249,0.80129,0.21044,0.79742
499,0.54963,0.86026,0.39843,0.82155,0.29725,0.81544,0.23916,0.80534,0.21851,0.79958
500,0.55894,0.86871,0.39283,0.82381,0.29359,0.80953,0.23291,0.80033,0.21947,0.79674
