epoch,n_mAP,n_mAP95,s_mAP,s_mAP95,m_mAP,m_mAP95,l_mAP,l_mAP95,x_mAP,x_mAP95
1,0.0437,0.02012,0.42055,0.29304,0.52854,0.36656,0.51298,0.35211,0.52201,0.34579
2,0.45534,0.27453,0.65521,0.48302,0.69678,0.52218,0.76749,0.57774,0.80289,0.60613
3,0.73522,0.48982,0.78372,0.57903,0.8,0.60776,0.85295,0.66295,0.87277,0.68122
4,0.78623,0.55693,0.86003,0.6448,0.85188,0.64953,0.89686,0.71244,0.91052,0.72451
5,0.86345,0.62484,0.89669,0.68904,0.87228,0.67924,0.92278,0.7364,0.91229,0.7275
6,0.87575,0.64927,0.90307,0.69248,0.9108,0.72946,0.91967,0.73003,0.93603,0.745
7,0.89509,0.65573,0.9153,0.7037,0.92864,0.75203,0.93851,0.7432,0.9456,0.76229
8,0.88537,0.65599,0.91484,0.70678,0.93254,0.75418,0.94637,0.75288,0.95333,0.77591
9,0.88944,0.65671,0.92126,0.71261,0.93476,0.74862,0.92593,0.73163,0.94332,0.77315
10,0.91087,0.6789,0.94036,0.7297,0.93768,0.75593,0.9476,0.76745,0.95142,0.78062
11,0.90109,0.6931,0.93452,0.73202,0.94321,0.76924,0.94643,0.75719,0.94123,0.76975
12,0.89916,0.68368,0.93317,0.72811,0.94112,0.76674,0.95286,0.76423,0.9378,0.77086
13,0.91511,0.71378,0.93181,0.72547,0.94863,0.78185,0.95226,0.77961,0.95378,0.78782
14,0.90925,0.68996,0.93306,0.71851,0.95849,0.76832,0.94477,0.76634,0.95502,0.79792
15,0.88595,0.68497,0.94206,0.73324,0.95047,0.76993,0.95012,0.77091,0.95489,0.79662
16,0.90736,0.70111,0.94057,0.732,0.95346,0.77147,0.93901,0.75695,0.95208,0.78885
17,0.9089,0.69508,0.9529,0.74551,0.95841,0.77273,0.95404,0.78389,0.96308,0.7854
18,0.91141,0.69296,0.95483,0.75292,0.94737,0.77478,0.95436,0.78712,0.95596,0.78812
19,0.91866,0.71395,0.95777,0.75413,0.951,0.78465,0.96378,0.78663,0.96296,0.80107
20,0.91538,0.70487,0.94624,0.73999,0.95717,0.78582,0.95697,0.78856,0.96706,0.81995
21,0.91714,0.69962,0.9515,0.75494,0.95414,0.78004,0.95433,0.78308,0.96845,0.8105
22,0.93255,0.72719,0.95341,0.75604,0.96347,0.79655,0.96539,0.78699,0.9643,0.81152
23,0.93612,0.73143,0.95756,0.77033,0.95763,0.78013,0.95922,0.76862,0.95794,0.80793
24,0.93131,0.7188,0.9449,0.74309,0.95916,0.78368,0.95751,0.78602,0.97306,0.81282
25,0.93428,0.72922,0.9449,0.75239,0.95913,0.78299,0.95899,0.79388,0.96378,0.80211
26,0.94289,0.73233,0.94955,0.74725,0.95005,0.79187,0.94808,0.7862,0.9647,0.81426
27,0.9452,0.73456,0.95131,0.74988,0.9614,0.79086,0.95248,0.77762,0.96646,0.81084
28,0.93906,0.72447,0.94099,0.74871,0.96391,0.80002,0.95947,0.78001,0.96306,0.79916
29,0.92757,0.71435,0.95453,0.76347,0.96157,0.80208,0.96195,0.7889,0.96884,0.81714
30,0.93822,0.73073,0.9509,0.76124,0.97257,0.79395,0.9682,0.79137,0.9778,0.80994
31,0.94094,0.73388,0.94904,0.75733,0.96328,0.78391,0.95453,0.77388,0.97124,0.81043
32,0.94271,0.73704,0.94424,0.75619,0.95992,0.78399,0.9584,0.78411,0.9626,0.80291
33,0.93308,0.72128,0.95,0.76019,0.96657,0.79147,0.96043,0.77155,0.9627,0.81625
34,0.94288,0.73932,0.95155,0.77078,0.96292,0.79791,0.96502,0.79496,0.96053,0.80416
35,0.9431,0.72666,0.95845,0.76782,0.96686,0.78981,0.96703,0.78724,0.96828,0.81308
36,0.93888,0.72301,0.95342,0.7603,0.96122,0.79385,0.95963,0.78784,0.96944,0.82068
37,0.94621,0.72754,0.95444,0.77529,0.96699,0.80917,0.96218,0.7952,0.96379,0.81462
38,0.94394,0.72888,0.95059,0.76302,0.96347,0.79896,0.96642,0.79828,0.962,0.80465
39,0.94884,0.73588,0.94734,0.75951,0.96628,0.81058,0.95956,0.79545,0.95963,0.81236
40,0.94748,0.73736,0.955,0.75869,0.96748,0.80388,0.96014,0.78918,0.96808,0.81555
41,0.94989,0.74393,0.94369,0.75479,0.95322,0.78669,0.96327,0.79045,0.96859,0.82436
42,0.94972,0.74333,0.94467,0.75947,0.9486,0.78796,0.95687,0.79286,0.96787,0.81573
43,0.94992,0.73202,0.9649,0.77971,0.96038,0.79677,0.95611,0.80256,0.97259,0.81921
44,0.94887,0.72934,0.96053,0.78114,0.96689,0.79336,0.96668,0.80908,0.95933,0.81185
45,0.95073,0.73123,0.9575,0.77457,0.96438,0.80783,0.96434,0.80018,0.96573,0.82525
46,0.9559,0.74151,0.95849,0.78346,0.95873,0.80488,0.96237,0.8006,0.96768,0.82565
47,0.95341,0.74201,0.95137,0.76902,0.95956,0.79705,0.96784,0.79396,0.96169,0.81632
48,0.95642,0.75201,0.95748,0.77401,0.95661,0.79282,0.9676,0.8005,0.96181,0.8151
49,0.94769,0.74552,0.95653,0.7753,0.95617,0.7997,0.96271,0.79422,0.95798,0.80886
50,0.95111,0.74236,0.95014,0.7624,0.96067,0.79819,0.96687,0.78799,0.96684,0.81774
51,0.94728,0.73843,0.95709,0.77119,0.96311,0.80093,0.96083,0.79673,0.96943,0.82481
52,0.95312,0.74073,0.95533,0.77404,0.95924,0.79243,0.95605,0.79119,0.95988,0.81249
53,0.95275,0.73322,0.95112,0.77567,0.9577,0.79721,0.95783,0.7911,0.97106,0.82604
54,0.9598,0.73997,0.94577,0.76816,0.95725,0.79884,0.9606,0.81206,0.96917,0.83204
55,0.95356,0.74209,0.95634,0.77054,0.95486,0.8066,0.96717,0.81001,0.96511,0.82804
56,0.96148,0.74425,0.95543,0.76851,0.95691,0.80434,0.96028,0.81262,0.96459,0.82724
57,0.94708,0.73821,0.95732,0.76851,0.9624,0.80425,0.96267,0.81278,0.96284,0.82409
58,0.94983,0.72363,0.94379,0.76269,0.96439,0.80963,0.95172,0.79523,0.96803,0.82126
59,0.95179,0.74401,0.95018,0.77127,0.9588,0.81037,0.95725,0.81246,0.96637,0.82413
60,0.95317,0.74037,0.95843,0.77642,0.96022,0.80141,0.9661,0.81334,0.96446,0.82023
61,0.9471,0.73993,0.95133,0.77153,0.95898,0.82001,0.96243,0.81596,0.96561,0.83617
62,0.95675,0.74187,0.9548,0.77839,0.95935,0.81884,0.96382,0.82787,0.96395,0.83312
63,0.95258,0.74054,0.9447,0.77182,0.96042,0.81896,0.95731,0.81026,0.97319,0.83069
64,0.9522,0.74567,0.94114,0.75957,0.96584,0.81235,0.95561,0.80889,0.96789,0.81887
65,0.9605,0.75107,0.94542,0.77034,0.96656,0.81799,0.9503,0.81401,0.96462,0.81617
66,0.96407,0.74419,0.95655,0.78267,0.96438,0.81927,0.95145,0.81312,0.96443,0.82662
67,0.94498,0.73526,0.95186,0.77582,0.95671,0.81238,0.95966,0.81855,0.96618,0.82983
68,0.95996,0.74759,0.94825,0.77399,0.94579,0.80083,0.96343,0.82049,0.96025,0.83193
69,0.96242,0.75569,0.94468,0.76416,0.95756,0.80604,0.96633,0.81006,0.96932,0.83856
70,0.94774,0.73233,0.9339,0.75573,0.95998,0.81173,0.95051,0.80427,0.97344,0.84768
71,0.95108,0.73781,0.93874,0.7659,0.95341,0.80972,0.96257,0.815,0.96739,0.84011
72,0.96054,0.75484,0.9451,0.76043,0.96034,0.81339,0.9706,0.82233,0.95933,0.83404
73,0.9611,0.74527,0.94846,0.77624,0.95496,0.81355,0.96572,0.82141,0.96102,0.83884
74,0.95277,0.74516,0.94183,0.76823,0.96743,0.8191,0.96308,0.82224,0.96405,0.83997
75,0.95503,0.74374,0.94434,0.78108,0.96944,0.81591,0.9588,0.81714,0.96814,0.83977
76,0.94902,0.74488,0.94766,0.77669,0.96518,0.82427,0.96627,0.81896,0.96683,0.84093
77,0.95018,0.73501,0.94686,0.77447,0.96491,0.82196,0.96299,0.82611,0.97276,0.85079
78,0.95569,0.74554,0.95213,0.7749,0.95889,0.81093,0.96715,0.81707,0.96879,0.83794
79,0.95066,0.73908,0.95291,0.78095,0.96271,0.81112,0.95824,0.81019,0.97649,0.84209
80,0.95405,0.7474,0.94701,0.7724,0.96629,0.82667,0.96092,0.8243,0.96765,0.83623
81,0.96054,0.75517,0.95437,0.77286,0.95988,0.8161,0.96372,0.8249,0.97003,0.83978
82,0.96475,0.75558,0.95038,0.77409,0.96601,0.82215,0.95962,0.82072,0.96277,0.83695
83,0.95922,0.74748,0.9629,0.78803,0.96716,0.82343,0.95928,0.8183,0.96921,0.84445
84,0.9559,0.74392,0.95546,0.76863,0.96227,0.81453,0.95955,0.81803,0.96723,0.84919
85,0.95926,0.75466,0.95807,0.7681,0.96269,0.80666,0.96078,0.80395,0.9711,0.84342
86,0.96114,0.74308,0.94756,0.76739,0.96286,0.8173,0.95528,0.82307,0.96663,0.84042
87,0.95037,0.73275,0.9472,0.76135,0.95825,0.81446,0.95622,0.8223,0.9687,0.83904
88,0.95375,0.74445,0.94844,0.77396,0.96286,0.82039,0.9609,0.81622,0.96528,0.84208
89,0.95558,0.74514,0.95319,0.77114,0.96253,0.82487,0.95969,0.81872,0.96967,0.84606
90,0.95857,0.74181,0.95615,0.77592,0.9541,0.81819,0.95622,0.81146,0.96231,0.83585
91,0.9633,0.7567,0.95597,0.78326,0.95764,0.8166,0.9559,0.82324,0.95988,0.84012
92,0.95816,0.75739,0.95554,0.79215,0.96301,0.81615,0.95844,0.82723,0.96739,0.84912
93,0.96608,0.75445,0.95881,0.78894,0.9629,0.82011,0.96166,0.8328,0.96963,0.85007
94,0.96283,0.75786,0.95816,0.77892,0.95619,0.81964,0.96552,0.83977,0.96138,0.84231
95,0.9689,0.75693,0.96216,0.7913,0.95867,0.81752,0.9618,0.82558,0.96558,0.84527
96,0.96074,0.74785,0.9541,0.78182,0.95979,0.81433,0.96034,0.82005,0.96109,0.83148
97,0.96247,0.7477,0.95198,0.77862,0.95693,0.82265,0.95982,0.82589,0.96587,0.84397
98,0.96257,0.74663,0.95888,0.77886,0.95845,0.81626,0.9576,0.8216,0.96926,0.84123
99,0.9633,0.7609,0.95782,0.77474,0.95616,0.82681,0.96156,0.81801,0.96478,0.84023
100,0.9647,0.76219,0.9565,0.78067,0.95615,0.81835,0.968,0.82903,0.96104,0.83078
101,0.96497,0.7662,0.96584,0.77587,0.96215,0.82878,0.9649,0.8253,0.96847,0.83664
102,0.96214,0.75608,0.95799,0.78596,0.96367,0.81861,0.95727,0.82475,0.96044,0.82697
103,0.96315,0.76813,0.95214,0.785,0.95021,0.80934,0.96258,0.83001,0.95981,0.8246
104,0.95981,0.74854,0.95107,0.78372,0.96264,0.81726,0.9588,0.83033,0.96059,0.83524
105,0.96257,0.75598,0.95713,0.78464,0.95906,0.82666,0.9658,0.83597,0.95988,0.84091
106,0.96126,0.75131,0.95865,0.78496,0.96076,0.83075,0.96778,0.83701,0.97216,0.84725
107,0.96251,0.75079,0.96009,0.7909,0.95553,0.81959,0.96707,0.83579,0.96472,0.84666
108,0.96587,0.74384,0.95779,0.78284,0.95419,0.81544,0.96756,0.83862,0.96301,0.8471
109,0.95525,0.74122,0.9554,0.78822,0.96058,0.82368,0.96195,0.82219,0.96073,0.84183
110,0.96728,0.75904,0.94964,0.77605,0.95735,0.82364,0.95965,0.82707,0.9634,0.84024
111,0.96547,0.75357,0.95366,0.78257,0.96418,0.82641,0.96776,0.83622,0.9588,0.83287
112,0.96418,0.75941,0.95568,0.7849,0.95975,0.8244,0.9618,0.83465,0.96451,0.84264
113,0.96106,0.75122,0.95221,0.77412,0.9615,0.82493,0.96082,0.82507,0.96494,0.84678
114,0.96155,0.75292,0.95371,0.78057,0.96702,0.8281,0.9656,0.83137,0.96592,0.84393
115,0.96328,0.7566,0.95249,0.78522,0.96342,0.82577,0.97136,0.83803,0.96541,0.84558
116,0.95879,0.75995,0.94746,0.77943,0.97066,0.83678,0.96455,0.82986,0.96562,0.84826
117,0.96199,0.75378,0.95616,0.78742,0.96644,0.82797,0.96875,0.82997,0.96881,0.84311
118,0.96328,0.75825,0.95537,0.78104,0.96693,0.83581,0.9682,0.83648,0.96823,0.85353
119,0.96613,0.75564,0.95365,0.77864,0.96992,0.83427,0.96397,0.82956,0.96398,0.84197
120,0.97128,0.76315,0.95538,0.79061,0.96489,0.82807,0.96565,0.8334,0.96863,0.84972
121,0.96626,0.75726,0.95792,0.78604,0.95514,0.81828,0.95831,0.83227,0.97069,0.85631
122,0.96635,0.76189,0.94991,0.78015,0.96002,0.82596,0.9633,0.83194,0.96929,0.85801
123,0.95839,0.74665,0.95325,0.77308,0.95991,0.83269,0.9615,0.83472,0.96732,0.85452
124,0.9581,0.74779,0.96277,0.7806,0.95805,0.82271,0.96224,0.83605,0.96276,0.84328
125,0.95554,0.73225,0.9579,0.78552,0.95786,0.81847,0.96349,0.84241,0.96382,0.85337
126,0.95654,0.7449,0.95076,0.78,0.96211,0.81661,0.95963,0.83279,0.97093,0.85588
127,0.96002,0.75298,0.94887,0.77955,0.96212,0.83184,0.96075,0.83289,0.97256,0.85297
128,0.9578,0.75801,0.95472,0.78093,0.9648,0.83635,0.96014,0.83012,0.97211,0.85125
129,0.95313,0.74969,0.94847,0.77836,0.96737,0.83369,0.96499,0.82987,0.97107,0.84309
130,0.95842,0.74863,0.95193,0.77922,0.96394,0.83155,0.96454,0.82416,0.97228,0.84774
131,0.96282,0.75164,0.95474,0.77576,0.96524,0.83928,0.9597,0.83028,0.97127,0.85419
132,0.96014,0.75076,0.95918,0.78707,0.96541,0.84581,0.95752,0.8259,0.97236,0.85935
133,0.96326,0.75504,0.9584,0.78392,0.97214,0.8454,0.96098,0.83651,0.97021,0.85329
134,0.96408,0.75827,0.96396,0.78456,0.96659,0.83303,0.9538,0.82531,0.97102,0.85211
135,0.96071,0.75397,0.95327,0.7811,0.96572,0.83836,0.96155,0.83621,0.96885,0.85367
136,0.95458,0.75009,0.95144,0.78196,0.96827,0.84238,0.95424,0.82952,0.96021,0.85248
137,0.9601,0.75189,0.94037,0.76658,0.97094,0.84146,0.95218,0.82755,0.96939,0.86328
138,0.95797,0.75005,0.94662,0.77191,0.96284,0.83271,0.95539,0.83686,0.96185,0.85353
139,0.95879,0.74974,0.9474,0.7711,0.9617,0.83643,0.95531,0.83875,0.96348,0.86379
140,0.96115,0.75163,0.94529,0.77733,0.9638,0.83902,0.95381,0.83741,0.95896,0.85131
141,0.96717,0.76182,0.95127,0.78454,0.9671,0.83285,0.95396,0.83874,0.9527,0.84199
142,0.96365,0.75682,0.95959,0.7931,0.96581,0.83923,0.9616,0.84579,0.96113,0.85469
143,0.96358,0.76303,0.95712,0.78911,0.96069,0.8355,0.95977,0.84495,0.96839,0.86319
144,0.95973,0.75411,0.95751,0.78511,0.96112,0.83242,0.95133,0.84032,0.96507,0.85561
145,0.96283,0.75518,0.95769,0.78661,0.96221,0.84223,0.95839,0.83973,0.96369,0.85161
146,0.96611,0.76208,0.95411,0.77861,0.95822,0.84032,0.95149,0.83003,0.95916,0.85161
147,0.96532,0.75451,0.95562,0.78176,0.96056,0.84604,0.95552,0.83906,0.95565,0.8467
148,0.96709,0.75781,0.95513,0.78453,0.95676,0.83236,0.95758,0.83605,0.95968,0.84518
149,0.96576,0.76568,0.95127,0.78566,0.96012,0.83573,0.95176,0.82807,0.95988,0.84729
150,0.96594,0.76613,0.95103,0.7825,0.96129,0.84082,0.94906,0.82111,0.96547,0.8498
151,0.95878,0.75776,0.95152,0.78282,0.95585,0.82591,0.9545,0.82644,0.96688,0.8542
152,0.96405,0.7587,0.95714,0.77985,0.96153,0.84028,0.95728,0.83365,0.96739,0.8555
153,0.9627,0.75234,0.9486,0.7724,0.96679,0.83983,0.95366,0.82051,0.96909,0.86349
154,0.9637,0.75383,0.95509,0.78629,0.95813,0.82996,0.95725,0.83553,0.97162,0.8541
155,0.96314,0.75949,0.95356,0.77558,0.95743,0.8399,0.95459,0.83346,0.96786,0.85745
156,0.97169,0.76328,0.9586,0.7775,0.95523,0.84015,0.95369,0.83861,0.96711,0.86171
157,0.9629,0.74679,0.95208,0.77035,0.96128,0.84274,0.95578,0.83509,0.96502,0.85357
158,0.96407,0.75453,0.95729,0.78539,0.96264,0.84263,0.96063,0.84439,0.96848,0.86207
159,0.97425,0.76566,0.95053,0.7775,0.96527,0.83697,0.95674,0.84281,0.96419,0.86223
160,0.97268,0.76291,0.94646,0.7742,0.96846,0.83675,0.95918,0.85199,0.96318,0.859
161,0.96401,0.75522,0.94753,0.77683,0.96474,0.83848,0.95668,0.84131,0.96389,0.84815
162,0.96537,0.76489,0.94894,0.77905,0.96824,0.84324,0.95614,0.84806,0.95913,0.84904
163,0.95794,0.75912,0.94385,0.77252,0.96637,0.83389,0.95383,0.84108,0.9648,0.85226
164,0.96111,0.75657,0.94784,0.77477,0.9656,0.84132,0.95172,0.83522,0.96496,0.85632
165,0.967,0.75441,0.93682,0.77715,0.965,0.84009,0.95224,0.83226,0.97,0.86454
166,0.96463,0.7573,0.95082,0.78368,0.96221,0.8333,0.95186,0.83681,0.96993,0.85911
167,0.96051,0.75562,0.95648,0.78072,0.95935,0.82847,0.95274,0.83473,0.96871,0.86147
168,0.96563,0.75508,0.95388,0.78164,0.95819,0.83049,0.95078,0.83657,0.97199,0.86629
169,0.96151,0.75885,0.9514,0.78419,0.96598,0.83857,0.9553,0.83463,0.9661,0.85272
170,0.95768,0.75554,0.95666,0.7839,0.96433,0.83217,0.9544,0.82918,0.96891,0.85747
171,0.96297,0.75485,0.95435,0.77879,0.96691,0.83397,0.957,0.83877,0.97042,0.86458
172,0.95859,0.75781,0.9563,0.79311,0.96827,0.83819,0.95927,0.84981,0.9681,0.8556
173,0.96172,0.76132,0.95969,0.79606,0.96907,0.83554,0.94779,0.83846,0.96268,0.85611
174,0.96191,0.76118,0.95612,0.78999,0.96596,0.83859,0.953,0.84266,0.96288,0.85774
175,0.96286,0.76246,0.95879,0.78741,0.96393,0.84146,0.9577,0.84089,0.96798,0.8634
176,0.96702,0.75685,0.9521,0.77869,0.96836,0.83789,0.95406,0.8441,0.96947,0.86251
177,0.9659,0.75643,0.96027,0.78734,0.96632,0.83863,0.95102,0.84035,0.96709,0.86602
178,0.96853,0.76294,0.95994,0.78249,0.97291,0.83967,0.95393,0.84362,0.96661,0.85711
179,0.96289,0.76652,0.95725,0.79097,0.97229,0.84452,0.94613,0.83695,0.96676,0.85984
180,0.96522,0.7673,0.95797,0.7914,0.96643,0.8385,0.95166,0.83007,0.95857,0.85185
181,0.95748,0.76046,0.95856,0.78983,0.96572,0.84565,0.94787,0.8381,0.96554,0.85508
182,0.95904,0.75969,0.95685,0.78574,0.96902,0.84898,0.95918,0.84389,0.96253,0.85745
183,0.95991,0.758,0.95944,0.78992,0.9691,0.8519,0.9606,0.84393,0.9623,0.86292
184,0.96795,0.75802,0.95963,0.78297,0.96083,0.84771,0.95137,0.8388,0.96507,0.86564
185,0.96677,0.75617,0.95797,0.77832,0.96225,0.84573,0.95857,0.84455,0.96685,0.86589
186,0.96859,0.76142,0.95465,0.78582,0.96068,0.83967,0.96056,0.84051,0.9692,0.86458
187,0.96365,0.75033,0.96349,0.79149,0.96007,0.841,0.9587,0.84502,0.96696,0.8685
188,0.9591,0.7532,0.96165,0.79022,0.96475,0.83712,0.95443,0.83847,0.96808,0.86574
189,0.95848,0.76081,0.96144,0.79028,0.9598,0.83747,0.95382,0.83876,0.96801,0.86679
190,0.95872,0.76019,0.95696,0.78912,0.95791,0.8315,0.95531,0.8461,0.9713,0.87188
191,0.96345,0.76532,0.95738,0.78277,0.96338,0.83692,0.95226,0.83889,0.96555,0.86791
192,0.96358,0.77105,0.95657,0.78992,0.96622,0.8437,0.94737,0.83977,0.9613,0.86474
193,0.96793,0.77039,0.96093,0.79442,0.96326,0.84329,0.95337,0.8452,0.96322,0.86253
194,0.9659,0.76524,0.96023,0.79714,0.9585,0.83447,0.94347,0.83759,0.95808,0.86064
195,0.96771,0.76751,0.95918,0.78738,0.96097,0.84276,0.94181,0.8322,0.96164,0.8534
196,0.96461,0.77045,0.96375,0.79222,0.96276,0.84411,0.94388,0.83713,0.96241,0.86111
197,0.96494,0.76359,0.95869,0.78759,0.96437,0.83949,0.94415,0.83276,0.96822,0.86011
198,0.9651,0.76971,0.95698,0.79637,0.96634,0.84617,0.94974,0.83866,0.96782,0.86919
199,0.95925,0.76355,0.95708,0.79056,0.96498,0.84092,0.94628,0.83669,0.96307,0.86075
200,0.96202,0.76657,0.95236,0.79822,0.96572,0.84603,0.94388,0.82941,0.9621,0.86455
201,0.96134,0.75572,0.95526,0.79438,0.96661,0.84542,0.9438,0.83022,0.96645,0.87088
202,0.96828,0.76802,0.95849,0.79371,0.96388,0.8397,0.94422,0.8262,0.96474,0.86902
203,0.96919,0.76638,0.95631,0.79327,0.96749,0.8417,0.94175,0.82785,0.96048,0.86272
204,0.95989,0.75753,0.95398,0.79273,0.96417,0.84215,0.94015,0.83271,0.96132,0.86016
205,0.9621,0.76333,0.9525,0.78994,0.96124,0.83868,0.94331,0.83027,0.96474,0.86126
206,0.9619,0.75378,0.94662,0.79338,0.95861,0.83812,0.94335,0.82612,0.96907,0.86636
207,0.96605,0.75465,0.95149,0.79482,0.96082,0.84118,0.94414,0.83126,0.96293,0.85996
208,0.9663,0.77058,0.95401,0.7938,0.95903,0.84116,0.94491,0.83245,0.96763,0.86302
209,0.96528,0.76736,0.95604,0.79108,0.96479,0.83889,0.94768,0.82857,0.96702,0.86685
210,0.96705,0.77213,0.95577,0.79512,0.95948,0.83945,0.95049,0.82979,0.9628,0.86017
211,0.96511,0.77012,0.95542,0.79486,0.96189,0.84326,0.95603,0.8419,0.96314,0.86697
212,0.96873,0.77589,0.96151,0.7933,0.95962,0.84147,0.94848,0.84545,0.96042,0.86486
213,0.96685,0.77288,0.95648,0.7928,0.96204,0.84319,0.94535,0.8385,0.96218,0.85914
214,0.96512,0.77097,0.95652,0.79649,0.96589,0.84174,0.94818,0.84589,0.96679,0.86409
215,0.96804,0.76785,0.95053,0.79181,0.96509,0.83735,0.95216,0.84147,0.96784,0.86095
216,0.96741,0.76884,0.95372,0.78963,0.96695,0.84048,0.9498,0.83703,0.96003,0.85832
217,0.96595,0.76868,0.95356,0.79656,0.96615,0.84455,0.94828,0.84192,0.96285,0.85829
218,0.97029,0.7656,0.95851,0.80323,0.96389,0.84181,0.94834,0.83924,0.9642,0.8586
219,0.97162,0.76259,0.96032,0.80652,0.96882,0.84916,0.94707,0.83277,0.96716,0.86268
220,0.96957,0.76878,0.96241,0.80924,0.96519,0.8438,0.94539,0.83332,0.96837,0.86434
221,0.97355,0.77723,0.96358,0.80217,0.95984,0.83153,0.94701,0.8422,0.96268,0.85787
222,0.96894,0.77342,0.96645,0.80602,0.95599,0.83367,0.94953,0.84541,0.96256,0.85705
223,0.96309,0.77289,0.96379,0.80517,0.95693,0.84141,0.94775,0.84614,0.96694,0.86507
224,0.96543,0.77369,0.96267,0.8017,0.95996,0.84055,0.94991,0.84789,0.96186,0.8599
225,0.96543,0.77224,0.9645,0.80203,0.96301,0.84261,0.95428,0.84811,0.96086,0.85801
226,0.96841,0.77308,0.9592,0.8052,0.96051,0.84141,0.95136,0.85022,0.95915,0.85274
227,0.96646,0.76773,0.96171,0.80101,0.9567,0.83664,0.94973,0.84312,0.96262,0.86945
228,0.96944,0.77556,0.9616,0.79964,0.96307,0.83498,0.94901,0.84293,0.97116,0.871
229,0.97342,0.76546,0.96169,0.80232,0.95816,0.84018,0.95497,0.84741,0.971,0.86802
230,0.96686,0.76468,0.9594,0.80078,0.9582,0.84016,0.94817,0.84008,0.96408,0.86843
231,0.96506,0.76524,0.95892,0.79656,0.96117,0.84703,0.95262,0.84351,0.9621,0.86469
232,0.96706,0.76817,0.95825,0.79162,0.96289,0.84169,0.94962,0.83873,0.96176,0.86996
233,0.96332,0.77194,0.9545,0.79056,0.96139,0.84743,0.94711,0.83469,0.96063,0.86511
234,0.96157,0.76539,0.95869,0.79927,0.95901,0.84697,0.94972,0.83215,0.96271,0.86455
235,0.96925,0.77857,0.95203,0.79324,0.95775,0.84283,0.94874,0.83799,0.96399,0.86678
236,0.96735,0.77082,0.95095,0.7919,0.96199,0.84294,0.94779,0.83546,0.96642,0.86818
237,0.96115,0.76108,0.95449,0.80554,0.95616,0.84185,0.94203,0.83678,0.96769,0.87761
238,0.96465,0.7661,0.96011,0.80135,0.95833,0.83563,0.94854,0.83765,0.96299,0.86551
239,0.96427,0.76822,0.95831,0.80086,0.95535,0.83784,0.94148,0.84305,0.9661,0.87069
240,0.96458,0.76885,0.95487,0.80313,0.9544,0.84057,0.94238,0.84976,0.95643,0.86554
241,0.9631,0.77044,0.95751,0.7995,0.95149,0.83806,0.94205,0.84693,0.95689,0.86315
242,0.9555,0.76419,0.95522,0.79951,0.95609,0.83925,0.93668,0.83831,0.95606,0.86266
243,0.95475,0.76352,0.9609,0.80062,0.96087,0.84313,0.94242,0.84421,0.95858,0.8612
244,0.96137,0.76631,0.96223,0.79737,0.95909,0.8363,0.94437,0.84575,0.96101,0.86336
245,0.95551,0.76327,0.95801,0.79387,0.95472,0.84311,0.94584,0.84962,0.96407,0.86086
246,0.96198,0.76777,0.9604,0.80592,0.95485,0.83697,0.94346,0.8443,0.96181,0.86113
247,0.96154,0.76334,0.95843,0.79895,0.95719,0.8474,0.94179,0.84239,0.96484,0.86275
248,0.96323,0.77342,0.95911,0.80526,0.95679,0.83979,0.94544,0.84144,0.96207,0.85838
249,0.96224,0.7706,0.96056,0.80608,0.95675,0.83451,0.94584,0.84119,0.96608,0.86679
250,0.96612,0.77263,0.95786,0.80338,0.95986,0.838,0.94996,0.84931,0.96294,0.85735
251,0.96419,0.77053,0.95841,0.80167,0.95975,0.84385,0.95027,0.84656,0.96474,0.85317
252,0.96677,0.76281,0.96311,0.80608,0.95709,0.8364,0.94616,0.84707,0.96471,0.85098
253,0.9678,0.77252,0.96346,0.8103,0.96202,0.84096,0.94705,0.85419,0.95998,0.86112
254,0.96722,0.76542,0.96181,0.8032,0.95853,0.83814,0.94505,0.85141,0.95911,0.86399
255,0.96333,0.76352,0.96059,0.80172,0.9586,0.8434,0.94434,0.84527,0.96357,0.86363
256,0.96312,0.76826,0.95842,0.79842,0.95945,0.84627,0.94621,0.84452,0.96186,0.85953
257,0.96425,0.77455,0.96039,0.79835,0.96425,0.85064,0.94795,0.84953,0.96512,0.86451
258,0.968,0.7808,0.95753,0.79829,0.96157,0.84755,0.94896,0.84706,0.96428,0.86659
259,0.96641,0.78115,0.96195,0.79754,0.96343,0.85036,0.94937,0.84492,0.9606,0.86591
260,0.96384,0.77966,0.96212,0.80849,0.96344,0.85351,0.94872,0.84867,0.96126,0.86421
261,0.95924,0.77615,0.95616,0.80414,0.95406,0.84187,0.95036,0.85192,0.96163,0.86385
262,0.96015,0.77202,0.95118,0.79171,0.9588,0.84655,0.952,0.85166,0.96734,0.86614
263,0.9604,0.76586,0.9536,0.78849,0.96141,0.84145,0.94828,0.84453,0.97221,0.86411
264,0.96552,0.77363,0.95078,0.79318,0.96361,0.84413,0.94714,0.84485,0.96933,0.8708
265,0.95932,0.78015,0.9478,0.78546,0.96234,0.84149,0.94847,0.84465,0.96752,0.85778
266,0.9583,0.77023,0.9521,0.79865,0.96345,0.84479,0.95043,0.84421,0.96467,0.86652
267,0.9579,0.7661,0.95511,0.79759,0.96157,0.83961,0.94845,0.84488,0.96844,0.86649
268,0.95845,0.76367,0.95603,0.79402,0.95245,0.83809,0.95115,0.84615,0.96779,0.874
269,0.9595,0.76872,0.95908,0.80245,0.96211,0.84149,0.9549,0.8512,0.96464,0.86792
270,0.95873,0.77424,0.95988,0.8032,0.96071,0.84163,0.95296,0.84842,0.95872,0.86503
271,0.95927,0.76751,0.95947,0.79903,0.95611,0.83619,0.95148,0.85076,0.95489,0.85876
272,0.96762,0.77632,0.95818,0.80284,0.9524,0.83841,0.95439,0.85152,0.9594,0.86729
273,0.96428,0.77682,0.95793,0.79901,0.9546,0.83746,0.95419,0.84718,0.96437,0.86646
274,0.96014,0.77699,0.95837,0.79348,0.95466,0.84271,0.95479,0.85022,0.96717,0.86816
275,0.95942,0.77778,0.95569,0.79668,0.95862,0.84929,0.95473,0.85366,0.96537,0.87145
276,0.95838,0.7734,0.95819,0.79921,0.95642,0.84257,0.95494,0.85411,0.96415,0.86682
277,0.95993,0.77617,0.96083,0.80483,0.95894,0.84384,0.95569,0.85515,0.96144,0.86699
278,0.96216,0.77417,0.96442,0.79495,0.95265,0.84217,0.95035,0.85201,0.96145,0.87484
279,0.96048,0.77254,0.96411,0.80737,0.95471,0.83794,0.94913,0.84548,0.96558,0.8679
280,0.95577,0.76712,0.957,0.80901,0.95781,0.83287,0.95307,0.84777,0.96737,0.87209
281,0.96037,0.77429,0.95899,0.80164,0.95903,0.8457,0.95,0.84574,0.96018,0.86602
282,0.9606,0.77343,0.95936,0.80319,0.96275,0.84502,0.95051,0.84842,0.96033,0.86836
283,0.9642,0.77236,0.9528,0.79742,0.96497,0.84663,0.94521,0.84064,0.96456,0.86926
284,0.96727,0.77935,0.95256,0.8004,0.96482,0.85383,0.9473,0.84516,0.9714,0.87512
285,0.95928,0.77984,0.96152,0.80684,0.96117,0.84469,0.94557,0.84672,0.97158,0.87595
286,0.95991,0.78527,0.96055,0.8032,0.95935,0.83983,0.94464,0.83447,0.97089,0.87171
287,0.95961,0.77994,0.96188,0.80049,0.95843,0.83995,0.94885,0.83893,0.9693,0.87418
288,0.95925,0.77547,0.95936,0.79699,0.95785,0.84451,0.95159,0.84885,0.97302,0.88333
289,0.96041,0.77288,0.95629,0.80204,0.95929,0.84742,0.95227,0.85704,0.96774,0.86931
290,0.96065,0.77657,0.9622,0.81171,0.95807,0.83803,0.9509,0.84892,0.96022,0.86803
291,0.95925,0.776,0.95316,0.80269,0.95813,0.83405,0.95001,0.84589,0.96627,0.86942
292,0.96091,0.78133,0.95388,0.80398,0.96151,0.841,0.95057,0.85009,0.96527,0.87183
293,0.96374,0.78277,0.95192,0.80018,0.95498,0.83651,0.94938,0.85023,0.9611,0.869
294,0.96168,0.77476,0.95658,0.79975,0.95936,0.84319,0.94967,0.84936,0.96373,0.868
295,0.96424,0.77099,0.95906,0.81054,0.96142,0.84144,0.94681,0.84573,0.96101,0.86422
296,0.9614,0.76651,0.9612,0.81489,0.96132,0.84577,0.94441,0.84043,0.95924,0.86235
297,0.95753,0.77192,0.95906,0.80656,0.96368,0.84357,0.94455,0.84496,0.9591,0.86567
298,0.95655,0.77654,0.95666,0.80457,0.96424,0.84499,0.94697,0.84838,0.9582,0.85951
299,0.95574,0.78066,0.95374,0.7981,0.96374,0.84842,0.94528,0.8481,0.96157,0.8682
300,0.9572,0.77724,0.95551,0.79787,0.95869,0.8419,0.94399,0.83862,0.96234,0.8715
301,0.96131,0.7774,0.9535,0.7984,0.96057,0.84208,0.94621,0.84272,0.96217,0.87252
302,0.96437,0.78197,0.95593,0.79958,0.95613,0.84194,0.94873,0.84151,0.96161,0.8665
303,0.96287,0.77995,0.95418,0.80193,0.9564,0.84114,0.94679,0.84588,0.95969,0.86093
304,0.96195,0.78217,0.95092,0.80159,0.94939,0.83893,0.94674,0.84816,0.95858,0.86553
305,0.9637,0.77751,0.95604,0.80697,0.9521,0.84644,0.94629,0.84433,0.96084,0.8693
306,0.96433,0.77449,0.95935,0.804,0.95625,0.83867,0.94864,0.84328,0.96018,0.86971
307,0.96291,0.77541,0.95784,0.80485,0.95685,0.83949,0.94642,0.8459,0.96322,0.86724
308,0.96085,0.7749,0.96313,0.80836,0.95323,0.83847,0.94296,0.84525,0.96216,0.86418
309,0.9567,0.77004,0.96033,0.80123,0.95574,0.84187,0.94354,0.84669,0.9595,0.86708
310,0.96109,0.77216,0.95937,0.79669,0.9589,0.84468,0.94743,0.8481,0.95926,0.8689
311,0.96435,0.77175,0.96118,0.79926,0.95937,0.84439,0.94781,0.8492,0.96389,0.86859
312,0.96265,0.77531,0.96361,0.80269,0.95846,0.84928,0.94915,0.85169,0.96424,0.87199
313,0.95809,0.7753,0.9635,0.81052,0.96275,0.85248,0.94888,0.85154,0.96563,0.87396
314,0.96518,0.78449,0.96701,0.81415,0.96348,0.84921,0.94504,0.85057,0.96544,0.87465
315,0.96405,0.78357,0.96505,0.8116,0.96597,0.85279,0.94283,0.84468,0.96843,0.87447
316,0.9617,0.77724,0.96484,0.8109,0.96193,0.84645,0.9426,0.84661,0.96676,0.87183
317,0.95758,0.77645,0.96412,0.81205,0.96341,0.85234,0.94407,0.85147,0.96981,0.87104
318,0.95842,0.78511,0.96182,0.80899,0.96125,0.84844,0.94398,0.84575,0.96675,0.87158
319,0.96373,0.79012,0.958,0.8046,0.95832,0.84602,0.94658,0.84634,0.9638,0.87461
320,0.96364,0.7838,0.95905,0.8068,0.95667,0.84406,0.94579,0.84726,0.96578,0.87087
321,0.96318,0.78192,0.96353,0.80742,0.96049,0.84466,0.94677,0.84997,0.96178,0.87235
322,0.95994,0.78339,0.97061,0.81138,0.96151,0.84514,0.94797,0.84871,0.9653,0.87449
323,0.95957,0.77971,0.9708,0.81784,0.961,0.84839,0.95104,0.8466,0.96209,0.87246
324,0.96148,0.78472,0.97051,0.81576,0.96159,0.85013,0.95492,0.85325,0.96077,0.87637
325,0.96309,0.78787,0.9674,0.81556,0.96139,0.84637,0.95708,0.85314,0.95884,0.87379
326,0.9622,0.78473,0.96538,0.81293,0.95933,0.8421,0.95613,0.85342,0.9616,0.87325
327,0.96286,0.78101,0.96452,0.81069,0.95898,0.84167,0.95389,0.85037,0.95829,0.87105
328,0.9628,0.77663,0.967,0.81653,0.95814,0.84421,0.9533,0.84997,0.95963,0.87576
329,0.96625,0.7798,0.96726,0.81761,0.96277,0.84433,0.95231,0.84558,0.96035,0.87847
330,0.96961,0.7835,0.96677,0.81945,0.95996,0.84763,0.9487,0.8475,0.96394,0.88204
331,0.96903,0.78342,0.96577,0.81925,0.95775,0.83734,0.94601,0.84145,0.96265,0.87548
332,0.96924,0.78056,0.96692,0.81671,0.95764,0.83829,0.94539,0.84119,0.96112,0.87405
333,0.96273,0.77569,0.96525,0.81649,0.95927,0.83776,0.94188,0.84108,0.96059,0.87477
334,0.96343,0.77308,0.96383,0.80861,0.96088,0.84424,0.94446,0.84858,0.96063,0.87542
335,0.96442,0.78003,0.96077,0.80716,0.96074,0.84833,0.94872,0.84822,0.96101,0.87382
336,0.96267,0.78309,0.95933,0.80472,0.95777,0.84398,0.94747,0.84808,0.96134,0.87351
337,0.96001,0.78135,0.95798,0.81106,0.95748,0.8458,0.94706,0.85042,0.96092,0.87509
338,0.96013,0.77644,0.96023,0.81285,0.9571,0.84968,0.9484,0.84954,0.96066,0.87775
339,0.96358,0.77736,0.96275,0.81539,0.95846,0.84529,0.94918,0.84806,0.9638,0.87698
340,0.96524,0.78132,0.96223,0.81451,0.95951,0.84894,0.94852,0.85353,0.9652,0.87507
341,0.96289,0.77853,0.96011,0.80909,0.96175,0.85153,0.94944,0.85159,0.96351,0.87558
342,0.96647,0.78082,0.96329,0.80991,0.95866,0.85107,0.94975,0.85068,0.96466,0.87193
343,0.96948,0.77993,0.96328,0.81207,0.957,0.84578,0.94951,0.84813,0.96377,0.86979
344,0.96584,0.77729,0.96233,0.81086,0.95851,0.84205,0.9504,0.85131,0.96583,0.87347
345,0.96208,0.77375,0.96241,0.81478,0.95758,0.84428,0.95298,0.8555,0.96664,0.87622
346,0.95985,0.77394,0.96238,0.81394,0.95958,0.84386,0.95318,0.85796,0.96684,0.87447
347,0.96519,0.77917,0.96081,0.81384,0.96165,0.84548,0.95331,0.85404,0.96709,0.87301
348,0.96429,0.78258,0.9611,0.80955,0.96218,0.84414,0.95356,0.85395,0.96473,0.8711
349,0.96321,0.7827,0.95689,0.80744,0.95793,0.84265,0.95574,0.85984,0.9636,0.87064
350,0.96083,0.77761,0.96063,0.81077,0.95924,0.84044,0.95556,0.85959,0.96037,0.8664
351,0.96051,0.7793,0.96084,0.80976,0.95953,0.84356,0.95464,0.85728,0.96405,0.8716
352,0.9621,0.78267,0.96186,0.81324,0.95688,0.84533,0.95371,0.85472,0.96445,0.87088
353,0.96041,0.78562,0.96304,0.81652,0.95773,0.84158,0.95278,0.85608,0.95959,0.87125
354,0.95894,0.78326,0.96163,0.81121,0.95644,0.84339,0.95342,0.86188,0.95983,0.87061
355,0.95905,0.78204,0.95584,0.80831,0.95825,0.84323,0.95218,0.85612,0.95968,0.86733
356,0.96219,0.78081,0.95918,0.80896,0.95687,0.84184,0.9516,0.8578,0.96227,0.86989
357,0.96005,0.77865,0.95843,0.81289,0.95536,0.84201,0.95206,0.8593,0.95909,0.87161
358,0.96511,0.77358,0.96329,0.81361,0.95576,0.84174,0.94925,0.85631,0.95809,0.87189
359,0.96851,0.78286,0.96507,0.81373,0.95347,0.83553,0.95176,0.8581,0.95813,0.87271
360,0.96656,0.78433,0.96657,0.81912,0.9533,0.83937,0.95141,0.85729,0.95845,0.87318
361,0.96516,0.78054,0.9661,0.81685,0.95823,0.83973,0.95091,0.85756,0.96166,0.87359
362,0.96383,0.78218,0.96797,0.81863,0.95949,0.8435,0.9498,0.85354,0.96458,0.87639
363,0.96115,0.78009,0.96972,0.82119,0.95952,0.84065,0.94841,0.8513,0.96332,0.87528
364,0.95841,0.78434,0.97106,0.82366,0.95914,0.83997,0.94941,0.85044,0.96587,0.87722
365,0.95953,0.78414,0.97099,0.82616,0.96107,0.8433,0.94952,0.85234,0.96575,0.87583
366,0.95882,0.77795,0.97092,0.81876,0.95738,0.84653,0.94898,0.84995,0.96255,0.87308
367,0.95737,0.78403,0.96994,0.82149,0.95613,0.84403,0.94862,0.84593,0.96354,0.87627
368,0.95812,0.7843,0.96983,0.81863,0.95424,0.84461,0.94808,0.84939,0.95978,0.87473
369,0.96047,0.78532,0.96727,0.81828,0.95531,0.83999,0.94735,0.85172,0.95852,0.87359
370,0.96069,0.77964,0.9667,0.81434,0.95488,0.84309,0.94996,0.85436,0.95719,0.87212
371,0.96061,0.78542,0.96625,0.81835,0.95308,0.84611,0.9511,0.85854,0.95536,0.87122
372,0.96109,0.78646,0.96545,0.81181,0.95589,0.84936,0.95043,0.85709,0.95881,0.87594
373,0.96068,0.78846,0.96395,0.8152,0.95605,0.84858,0.94995,0.85664,0.96005,0.8759
374,0.96119,0.79315,0.96344,0.81742,0.95609,0.84834,0.94946,0.85333,0.95806,0.87119
375,0.96215,0.79118,0.96168,0.81252,0.95641,0.84968,0.94973,0.85548,0.96028,0.8699
376,0.96271,0.79012,0.96287,0.81369,0.95446,0.8473,0.94996,0.85901,0.96063,0.87264
377,0.96441,0.79121,0.96472,0.81323,0.9521,0.84754,0.95021,0.85613,0.9621,0.87094
378,0.9636,0.78697,0.96715,0.82098,0.95112,0.84323,0.95207,0.8546,0.95659,0.86954
379,0.96592,0.78538,0.96632,0.82163,0.95603,0.84454,0.952,0.85069,0.95682,0.87098
380,0.96484,0.78543,0.96571,0.81981,0.95458,0.8486,0.95108,0.85076,0.95723,0.87003
381,0.9635,0.78006,0.96354,0.81919,0.95421,0.84566,0.95204,0.85239,0.95666,0.86892
382,0.96288,0.7825,0.96162,0.81939,0.95741,0.8477,0.95221,0.85266,0.95776,0.86979
383,0.96226,0.78414,0.96222,0.81721,0.9545,0.8467,0.95143,0.85253,0.95886,0.87252
384,0.96285,0.78621,0.962,0.81887,0.95484,0.84413,0.95092,0.85373,0.95979,0.87341
385,0.96369,0.78743,0.96263,0.81928,0.95841,0.84691,0.95092,0.85265,0.95977,0.87285
386,0.96384,0.78502,0.96536,0.82189,0.95826,0.84808,0.95073,0.85514,0.96017,0.87492
387,0.96289,0.78303,0.96691,0.82534,0.95881,0.84931,0.95117,0.85672,0.95744,0.87374
388,0.96442,0.78568,0.96669,0.81677,0.95943,0.85034,0.95187,0.8613,0.95456,0.87037
389,0.96508,0.78794,0.96616,0.81221,0.96011,0.8502,0.95295,0.85924,0.95695,0.87217
390,0.96309,0.78545,0.96463,0.81898,0.96016,0.85304,0.95323,0.86261,0.95465,0.87105
391,0.96328,0.78074,0.96689,0.81272,0.95993,0.84853,0.95279,0.85912,0.95883,0.87718
392,0.96497,0.78248,0.96836,0.8164,0.95792,0.84813,0.95313,0.85986,0.95835,0.87388
393,0.96483,0.78804,0.9682,0.82286,0.95669,0.8487,0.95165,0.86468,0.95818,0.87357
394,0.96494,0.78818,0.96644,0.81917,0.9565,0.84961,0.95177,0.86251,0.95504,0.87125
395,0.96143,0.78938,0.9646,0.816,0.95498,0.85019,0.9536,0.86405,0.9571,0.87365
396,0.96046,0.78389,0.9638,0.81636,0.95601,0.85104,0.95368,0.86172,0.95726,0.87249
397,0.95982,0.78891,0.96484,0.81516,0.95551,0.85029,0.95322,0.85864,0.95765,0.87306
398,0.96059,0.78965,0.96452,0.81292,0.95727,0.85348,0.9549,0.86329,0.96075,0.87419
399,0.96111,0.79053,0.96339,0.81856,0.95799,0.85133,0.95445,0.861,0.96163,0.87564
400,0.96084,0.78524,0.96242,0.82065,0.95795,0.85035,0.95433,0.8618,0.95838,0.86867
401,0.96284,0.78511,0.96322,0.82051,0.95645,0.85316,0.95501,0.86204,0.96052,0.87228
402,0.96061,0.78401,0.96638,0.82282,0.9566,0.85432,0.95449,0.86511,0.95848,0.87236
403,0.96005,0.78318,0.96451,0.81862,0.95809,0.85321,0.95281,0.86172,0.95761,0.8705
404,0.96007,0.77983,0.96366,0.81797,0.95714,0.85067,0.9543,0.85894,0.95478,0.87021
405,0.96139,0.78338,0.96274,0.81728,0.95708,0.84696,0.95481,0.86055,0.9526,0.86732
406,0.96346,0.78756,0.96004,0.82046,0.9553,0.84718,0.95469,0.86021,0.9528,0.86905
407,0.96382,0.79105,0.96093,0.81813,0.95592,0.84807,0.95431,0.85908,0.95389,0.86944
408,0.96344,0.78467,0.961,0.81662,0.95563,0.84835,0.95288,0.85606,0.9543,0.86797
409,0.96079,0.78371,0.96022,0.81463,0.956,0.8465,0.95346,0.85903,0.95431,0.8693
410,0.95761,0.78532,0.96098,0.81745,0.95707,0.84772,0.95353,0.86387,0.95348,0.86615
411,0.95607,0.78512,0.96071,0.82116,0.95704,0.84871,0.95429,0.8668,0.95965,0.87464
412,0.9575,0.77964,0.95743,0.81732,0.95468,0.84949,0.95361,0.86311,0.96262,0.87307
413,0.95939,0.78075,0.96023,0.81785,0.95379,0.85194,0.95445,0.86069,0.96273,0.87396
414,0.96032,0.78238,0.96327,0.82034,0.95634,0.85134,0.95261,0.8619,0.96276,0.87284
415,0.96021,0.78323,0.96435,0.82088,0.96073,0.8517,0.9536,0.86128,0.96248,0.87289
416,0.9584,0.79191,0.96531,0.8219,0.96254,0.85387,0.95427,0.86179,0.96009,0.87061
417,0.96047,0.78924,0.9653,0.8186,0.9626,0.8571,0.95291,0.85781,0.9615,0.87196
418,0.96077,0.79153,0.9651,0.82375,0.96236,0.85626,0.95288,0.85938,0.96146,0.86937
419,0.96183,0.78925,0.9645,0.82289,0.96157,0.853,0.95367,0.86083,0.96073,0.8716
420,0.95979,0.78759,0.96413,0.82147,0.96219,0.85237,0.95341,0.86018,0.9609,0.8712
421,0.96105,0.78914,0.96357,0.81837,0.95861,0.85409,0.95248,0.8599,0.96113,0.86707
422,0.95908,0.78556,0.96307,0.82203,0.96165,0.85535,0.95417,0.85943,0.96172,0.86652
423,0.95849,0.78095,0.96462,0.82373,0.96152,0.85733,0.95483,0.86122,0.96102,0.87043
424,0.95915,0.78473,0.96388,0.82357,0.96192,0.85632,0.95463,0.86224,0.96162,0.87069
425,0.96176,0.79007,0.96292,0.8259,0.96174,0.8582,0.95342,0.8598,0.9622,0.87335
426,0.96207,0.79106,0.96269,0.82179,0.95822,0.85487,0.95485,0.86141,0.95862,0.87118
427,0.96183,0.79145,0.96425,0.81993,0.96001,0.85175,0.95488,0.86309,0.9587,0.87058
428,0.96515,0.79278,0.96374,0.82142,0.95968,0.85013,0.95475,0.86127,0.95876,0.87291
429,0.96091,0.79306,0.96403,0.82085,0.95938,0.84798,0.95242,0.86191,0.96257,0.87359
430,0.96044,0.7916,0.96142,0.81768,0.95886,0.85065,0.9521,0.85926,0.96073,0.87119
431,0.96197,0.79175,0.95968,0.81854,0.95767,0.85264,0.95145,0.86105,0.96054,0.872
432,0.96092,0.78748,0.96034,0.81924,0.95759,0.85193,0.95046,0.86231,0.95951,0.87377
433,0.96065,0.79133,0.95997,0.81725,0.95816,0.85348,0.95265,0.86281,0.95965,0.87308
434,0.95877,0.78577,0.96013,0.81329,0.95783,0.85237,0.95315,0.86182,0.96221,0.87504
435,0.96383,0.78564,0.96199,0.81456,0.95816,0.85203,0.95315,0.86635,0.96469,0.87699
436,0.96032,0.78454,0.96273,0.81681,0.9584,0.85491,0.95258,0.86217,0.96567,0.87963
437,0.96066,0.78526,0.96298,0.81703,0.95912,0.85532,0.95368,0.86196,0.9684,0.87899
438,0.95974,0.78269,0.96172,0.81762,0.95709,0.85461,0.95091,0.85941,0.96489,0.87631
439,0.95914,0.77836,0.96108,0.81668,0.95715,0.85524,0.95095,0.8616,0.96501,0.87634
440,0.96077,0.78503,0.9601,0.81738,0.95831,0.8562,0.95264,0.8612,0.96323,0.87448
441,0.96133,0.78767,0.96023,0.81594,0.95978,0.85652,0.95286,0.85903,0.96527,0.87271
442,0.96057,0.78596,0.95958,0.81875,0.96006,0.85518,0.95269,0.86052,0.96532,0.87112
443,0.95987,0.7854,0.96371,0.81944,0.96036,0.85812,0.95203,0.86073,0.96672,0.87464
444,0.96084,0.78317,0.96336,0.82273,0.96205,0.85838,0.95447,0.86466,0.97098,0.87393
445,0.96104,0.78413,0.96391,0.81929,0.96017,0.85642,0.95432,0.86551,0.96895,0.87375
446,0.96227,0.78779,0.96421,0.81805,0.96021,0.85312,0.95447,0.86569,0.96673,0.87288
447,0.96252,0.7898,0.96333,0.81587,0.95818,0.85003,0.95611,0.864,0.96693,0.87287
448,0.96162,0.78587,0.96379,0.81818,0.9578,0.84955,0.95353,0.86182,0.96542,0.87224
449,0.96103,0.78772,0.96239,0.82063,0.9594,0.85365,0.95511,0.86394,0.96593,0.87451
450,0.96092,0.78715,0.96133,0.81815,0.95804,0.85209,0.95379,0.86137,0.96615,0.87677
451,0.96099,0.78665,0.95972,0.81838,0.95756,0.85195,0.95309,0.86315,0.96343,0.87736
452,0.96297,0.79134,0.96001,0.81981,0.9566,0.85247,0.95276,0.86198,0.96317,0.87835
453,0.96359,0.79249,0.96016,0.8182,0.95695,0.8532,0.95292,0.86146,0.96294,0.87692
454,0.96383,0.79115,0.9587,0.82104,0.95675,0.85396,0.95277,0.85994,0.9626,0.87723
455,0.96431,0.78886,0.95732,0.81562,0.95724,0.85347,0.95263,0.8611,0.95962,0.87639
456,0.96402,0.78944,0.95822,0.81653,0.9576,0.85219,0.95266,0.86003,0.96222,0.87696
457,0.96533,0.79227,0.9594,0.818,0.95751,0.85299,0.95261,0.86097,0.96186,0.87642
458,0.96415,0.7941,0.95721,0.81854,0.95803,0.85474,0.95374,0.86183,0.96227,0.87652
459,0.96428,0.7921,0.95691,0.81723,0.95806,0.85628,0.95398,0.86379,0.96469,0.87819
460,0.96355,0.79072,0.95715,0.8188,0.95783,0.85452,0.95397,0.86053,0.96481,0.87741
461,0.96393,0.7978,0.95892,0.81936,0.95961,0.85283,0.9534,0.85965,0.96673,0.87459
462,0.96441,0.79562,0.95588,0.81554,0.95847,0.85295,0.95368,0.86168,0.96706,0.87815
463,0.96517,0.79671,0.95755,0.81801,0.95861,0.85294,0.95384,0.86189,0.96947,0.87783
464,0.96405,0.79607,0.95824,0.819,0.95865,0.85442,0.95403,0.86253,0.96657,0.87617
465,0.9637,0.79645,0.96052,0.81893,0.95664,0.85344,0.95463,0.8644,0.96654,0.87776
466,0.96396,0.79342,0.95953,0.81633,0.95774,0.85431,0.95513,0.86425,0.96461,0.87832
467,0.96534,0.79099,0.96038,0.81854,0.95792,0.85396,0.95511,0.86296,0.96439,0.87729
468,0.96521,0.7909,0.95971,0.82015,0.95919,0.85487,0.95467,0.86561,0.96434,0.87802
469,0.96643,0.79182,0.96187,0.82214,0.96009,0.85445,0.95236,0.86124,0.96248,0.87694
470,0.96716,0.79048,0.96175,0.8216,0.96011,0.85439,0.95247,0.86198,0.96291,0.8774
471,0.96598,0.78975,0.96128,0.82391,0.96011,0.85497,0.95243,0.8619,0.96371,0.87704
472,0.96477,0.7882,0.96047,0.82283,0.95968,0.85349,0.95237,0.86248,0.96199,0.8758
473,0.96407,0.79107,0.96105,0.82218,0.95962,0.85212,0.95288,0.86309,0.96208,0.87766
474,0.96423,0.78993,0.96091,0.82191,0.95936,0.85413,0.95305,0.8658,0.962,0.87808
475,0.96452,0.79096,0.95954,0.82204,0.95922,0.85577,0.95323,0.86604,0.96193,0.87653
476,0.96477,0.79312,0.96052,0.82098,0.95761,0.8538,0.95325,0.86538,0.96179,0.87648
477,0.9651,0.79122,0.96029,0.81993,0.95773,0.85413,0.95336,0.86628,0.96146,0.8751
478,0.96519,0.79072,0.9604,0.8184,0.95692,0.8552,0.95314,0.86534,0.96126,0.87369
479,0.9649,0.78951,0.961,0.81898,0.95685,0.85462,0.95292,0.86568,0.96121,0.87331
480,0.96476,0.78768,0.96117,0.81938,0.95705,0.85543,0.95322,0.8651,0.96184,0.87358
481,0.96405,0.7895,0.96144,0.82028,0.95868,0.85552,0.95296,0.86315,0.95999,0.87412
482,0.96361,0.78833,0.96071,0.82188,0.95851,0.85527,0.95238,0.86269,0.9597,0.87474
483,0.96349,0.78962,0.96188,0.82268,0.95729,0.85433,0.95186,0.86282,0.96182,0.87367
484,0.96352,0.79036,0.96056,0.82338,0.95758,0.85539,0.952,0.86355,0.96343,0.87409
485,0.96349,0.79117,0.96041,0.82281,0.95798,0.85581,0.9518,0.86572,0.96318,0.87358
486,0.96404,0.79444,0.96079,0.82192,0.95821,0.85541,0.95163,0.86475,0.96319,0.87113
487,0.9644,0.79131,0.96059,0.81951,0.95823,0.85722,0.95218,0.86466,0.96441,0.87421
488,0.96413,0.78912,0.95846,0.81994,0.95815,0.85643,0.95205,0.86407,0.96285,0.87301
489,0.96375,0.78762,0.96035,0.81897,0.95816,0.8575,0.95162,0.86362,0.96124,0.87115
490,0.96338,0.7877,0.96011,0.82115,0.95796,0.8556,0.95153,0.8645,0.96358,0.8693
491,0.96317,0.7889,0.96222,0.81865,0.95636,0.85401,0.95271,0.86374,0.96591,0.87211
492,0.95932,0.78428,0.96189,0.81526,0.95319,0.85339,0.95166,0.85919,0.96476,0.87103
493,0.95701,0.7842,0.96009,0.8098,0.94962,0.84963,0.95097,0.85635,0.96648,0.87305
494,0.9542,0.77891,0.95582,0.80403,0.948,0.8499,0.94924,0.85263,0.96406,0.87464
495,0.95358,0.7756,0.95467,0.80311,0.94684,0.8461,0.94908,0.85044,0.95943,0.86986
496,0.95271,0.77458,0.95426,0.80066,0.94542,0.84507,0.94829,0.85056,0.95932,0.86873
497,0.95312,0.77617,0.95424,0.80021,0.94455,0.84238,0.94823,0.85174,0.95955,0.86925
498,0.95322,0.77638,0.95472,0.79991,0.94401,0.84081,0.94804,0.85235,0.95978,0.87068
499,0.95289,0.77536,0.95575,0.80194,0.94376,0.84069,0.94789,0.85363,0.95991,0.86966
500,0.9523,0.77542,0.95687,0.80096,0.94454,0.84128,0.94635,0.85498,0.96035,0.87078
